time,temperature_2m,relative_humidity_2m,wind_speed_10m,wind_direction_10m,precipitation,surface_pressure,visibility,dew_point_2m,temperature_80m,cloud_cover,pm10,pm2_5,carbon_dioxide,ammonia,nitrogen_dioxide,sulphur_dioxide,carbon_monoxide,hour,Traffic_Density_Proxy
2026-03-01 00:00:00,1.7,68,1.1,72,0.0,921.3,38820.0,-3.6,1.7,50,51.1,41.8,508,2.7,46.2,25.0,426.0,0,0
2026-03-01 01:00:00,1.4,69,0.5,135,0.0,921.1,38500.0,-3.6,1.4,47,41.3,33.9,509,3.5,45.1,24.0,433.0,1,0
2026-03-01 02:00:00,1.2,70,0.4,90,0.0,920.7,38120.0,-3.6,1.3,36,34.4,26.8,509,3.6,44.3,23.8,308.0,2,0
2026-03-01 03:00:00,1.0,72,1.0,45,0.0,921.5,37360.0,-3.5,1.3,21,33.0,26.2,506,3.8,42.8,23.3,283.0,3,0
2026-03-01 04:00:00,0.7,74,1.1,72,0.0,922.2,37140.0,-3.4,1.1,0,33.9,26.5,501,4.0,41.7,25.3,288.0,4,0
2026-03-01 05:00:00,0.4,77,1.5,76,0.0,923.4,34760.0,-3.2,1.0,0,34.2,26.8,494,4.9,36.0,34.3,291.0,5,0
2026-03-01 06:00:00,1.2,75,1.5,45,0.0,923.8,35860.0,-2.8,1.3,0,31.4,23.8,485,3.1,30.3,37.8,309.0,6,0
2026-03-01 07:00:00,2.8,64,4.2,20,0.0,924.0,39180.0,-3.4,1.5,0,23.7,18.3,473,2.0,14.6,19.8,226.0,7,2
2026-03-01 08:00:00,4.1,56,8.8,35,0.0,923.9,40400.0,-3.9,2.3,28,18.6,11.7,459,1.0,7.9,9.9,190.0,8,2
2026-03-01 09:00:00,5.0,53,6.7,36,0.0,924.3,40700.0,-3.8,3.0,46,14.5,8.9,449,0.8,4.6,5.7,167.0,9,2
2026-03-01 10:00:00,5.9,52,6.9,39,0.0,923.7,40860.0,-3.2,3.7,74,14.0,6.1,446,0.9,4.9,4.3,159.0,10,1
2026-03-01 11:00:00,6.8,49,7.1,30,0.0,923.1,41240.0,-3.2,4.6,79,14.1,6.0,446,0.8,5.0,3.7,159.0,11,1
2026-03-01 12:00:00,7.8,44,8.9,43,0.0,923.1,41960.0,-3.7,5.8,49,14.8,6.4,448,0.8,5.2,3.6,162.0,12,1
2026-03-01 13:00:00,8.4,42,10.0,41,0.0,922.6,42540.0,-3.8,6.5,48,15.2,7.3,448,0.8,6.4,3.7,165.0,13,1
2026-03-01 14:00:00,8.4,42,10.4,46,0.0,922.4,42860.0,-3.8,6.9,41,16.7,10.3,450,0.9,8.3,4.0,181.0,14,1
2026-03-01 15:00:00,8.0,43,7.7,62,0.0,923.2,42580.0,-3.9,7.0,48,24.6,14.5,456,1.5,14.8,6.7,227.0,15,1
2026-03-01 16:00:00,7.1,50,5.4,98,0.0,923.4,41700.0,-2.7,6.7,44,37.8,25.9,473,2.3,32.2,13.5,335.0,16,1
2026-03-01 17:00:00,5.9,56,4.4,125,0.0,923.5,41000.0,-2.2,6.0,45,54.3,38.3,494,3.2,38.9,17.4,395.0,17,2
2026-03-01 18:00:00,4.6,59,3.3,131,0.0,923.9,40620.0,-2.8,5.3,10,60.2,44.1,510,3.7,37.4,19.3,411.0,18,2
2026-03-01 19:00:00,3.3,70,2.9,120,0.0,924.0,38280.0,-1.7,5.0,16,59.1,42.6,515,4.0,53.2,22.9,441.0,19,2
2026-03-01 20:00:00,2.2,81,3.1,111,0.0,924.2,31940.0,-0.7,4.4,11,53.8,40.0,514,3.3,54.4,23.1,447.0,20,0
2026-03-01 21:00:00,1.2,83,3.3,131,0.0,924.3,29200.0,-1.4,3.7,0,45.7,33.7,511,4.1,49.7,25.6,431.0,21,0
2026-03-01 22:00:00,0.6,88,3.2,117,0.0,924.1,23480.0,-1.2,3.2,0,37.3,28.5,505,3.9,42.9,20.5,394.0,22,0
2026-03-01 23:00:00,0.2,89,3.5,114,0.0,924.3,21420.0,-1.4,2.7,0,33.2,27.0,498,3.8,46.6,21.6,355.0,23,0
2026-03-02 00:00:00,-0.3,89,3.4,108,0.0,924.3,21820.0,-1.9,2.4,0,30.9,23.6,493,4.3,41.9,26.4,355.0,0,0
2026-03-02 01:00:00,-0.6,90,3.1,111,0.0,924.2,20580.0,-2.1,2.1,0,29.6,22.8,494,4.9,37.5,25.8,326.0,1,0
2026-03-02 02:00:00,-0.9,90,3.0,104,0.0,924.0,19760.0,-2.3,1.7,0,29.1,22.0,498,4.8,38.7,25.2,308.0,2,0
2026-03-02 03:00:00,-1.5,90,3.1,111,0.0,924.6,19600.0,-2.9,1.0,0,30.1,22.2,501,4.8,37.1,27.3,297.0,3,0
2026-03-02 04:00:00,-1.7,90,3.2,117,0.0,924.4,19860.0,-3.1,0.7,0,34.3,22.1,502,4.9,38.0,35.0,320.0,4,0
2026-03-02 05:00:00,-1.9,90,3.0,104,0.0,925.0,20020.0,-3.3,0.4,0,45.8,32.7,502,5.1,46.5,45.1,361.0,5,0
2026-03-02 06:00:00,-0.5,87,2.3,108,0.0,925.3,24320.0,-2.4,1.1,0,31.7,27.3,499,4.8,47.5,58.1,419.0,6,0
2026-03-02 07:00:00,2.2,73,1.6,207,0.0,925.5,34860.0,-2.2,1.2,0,32.1,22.2,489,2.9,42.1,45.1,312.0,7,2
2026-03-02 08:00:00,4.1,64,2.2,279,0.0,925.7,38400.0,-2.1,2.5,0,29.4,20.4,476,2.9,37.3,30.5,279.0,8,2
2026-03-02 09:00:00,6.5,56,3.6,276,0.0,925.8,40140.0,-1.7,4.4,0,26.2,19.4,465,2.1,29.6,21.1,251.0,9,2
2026-03-02 10:00:00,8.3,48,3.1,291,0.0,925.0,41200.0,-2.1,6.1,0,26.1,16.0,460,1.7,22.9,16.9,227.0,10,1
2026-03-02 11:00:00,9.8,42,2.3,288,0.0,924.1,42220.0,-2.5,7.6,0,26.1,14.8,457,1.4,20.3,12.6,211.0,11,1
2026-03-02 12:00:00,11.0,37,1.8,101,0.0,923.5,43560.0,-3.1,9.0,0,25.1,13.2,457,1.1,19.5,12.4,195.0,12,1
2026-03-02 13:00:00,11.8,38,1.5,76,0.0,923.1,43440.0,-2.1,10.0,46,26.3,14.2,458,1.1,19.2,11.5,209.0,13,1
2026-03-02 14:00:00,12.1,37,5.1,94,0.0,922.5,44300.0,-2.2,10.7,57,31.4,18.0,460,1.2,30.0,13.0,256.0,14,1
2026-03-02 15:00:00,11.4,37,6.9,118,0.0,922.7,44160.0,-2.8,10.5,26,43.4,27.8,469,1.4,39.1,17.5,309.0,15,1
2026-03-02 16:00:00,9.9,44,4.1,142,0.0,923.0,42880.0,-1.8,9.9,0,66.0,42.9,490,1.8,76.3,25.6,488.0,16,1
2026-03-02 17:00:00,8.2,53,2.5,135,0.0,923.4,41500.0,-0.8,9.6,2,84.7,61.5,516,2.6,88.5,40.5,719.0,17,2
2026-03-02 18:00:00,5.5,71,4.6,135,0.0,924.3,37980.0,0.7,8.7,26,110.1,74.4,532,4.1,92.8,51.0,926.0,18,2
2026-03-02 19:00:00,4.0,80,4.9,126,0.0,924.7,32180.0,0.9,7.8,8,134.7,105.9,530,5.0,89.2,57.5,984.0,19,2
2026-03-02 20:00:00,3.0,83,4.6,108,0.0,924.7,29260.0,0.4,7.1,0,120.5,95.0,518,5.4,78.5,68.4,1144.0,20,0
2026-03-02 21:00:00,1.8,83,4.5,104,0.0,924.8,28960.0,-0.8,6.3,0,107.1,84.5,506,5.6,70.9,70.6,881.0,21,0
2026-03-02 22:00:00,1.1,85,4.6,108,0.0,924.3,27120.0,-1.2,5.8,0,86.6,67.4,499,5.3,64.4,43.3,627.0,22,0
2026-03-02 23:00:00,0.5,87,4.6,108,0.0,924.4,25300.0,-1.4,5.2,0,76.6,59.4,492,5.4,58.9,39.4,561.0,23,0
2026-03-03 00:00:00,-0.0,87,4.2,110,0.0,924.4,24420.0,-1.9,4.4,0,69.4,50.6,486,5.2,53.6,34.6,494.0,0,0
2026-03-03 01:00:00,-0.1,85,4.1,105,0.0,924.1,27480.0,-2.3,4.0,0,62.4,49.2,481,5.2,52.4,30.9,439.0,1,0
2026-03-03 02:00:00,-0.3,84,4.1,105,0.0,923.9,28820.0,-2.6,3.4,0,58.5,44.6,476,5.3,48.3,31.4,400.0,2,0
2026-03-03 03:00:00,-0.6,84,3.8,107,0.0,923.9,28440.0,-3.0,3.0,7,56.5,41.8,474,5.2,49.9,35.4,359.0,3,0
2026-03-03 04:00:00,-0.6,83,3.8,107,0.0,923.7,30140.0,-3.2,2.5,35,56.4,42.9,477,4.2,52.2,43.3,358.0,4,0
2026-03-03 05:00:00,-0.5,83,3.3,103,0.0,923.8,29860.0,-3.1,2.1,91,55.5,41.4,482,3.9,56.5,61.5,402.0,5,0
2026-03-03 06:00:00,0.9,80,3.0,104,0.0,924.1,31660.0,-2.2,2.7,90,49.6,38.8,483,3.8,53.0,57.0,499.0,6,0
2026-03-03 07:00:00,3.7,67,1.1,360,0.0,923.8,38020.0,-1.8,2.7,100,47.9,34.6,476,2.8,50.0,44.7,407.0,7,2
2026-03-03 08:00:00,6.0,59,2.1,301,0.0,923.7,39760.0,-1.4,4.4,65,40.9,33.0,465,2.9,38.3,31.9,328.0,8,2
2026-03-03 09:00:00,8.5,49,6.6,257,0.0,924.1,41120.0,-1.6,6.5,78,37.0,25.5,456,2.9,27.1,19.3,251.0,9,2
2026-03-03 10:00:00,10.1,45,10.1,266,0.0,922.9,41760.0,-1.3,7.9,90,28.4,19.1,451,2.2,18.2,13.1,192.0,10,1
2026-03-03 11:00:00,11.1,41,13.0,265,0.0,922.3,42480.0,-1.7,9.0,96,24.2,14.3,449,2.2,12.3,9.2,177.0,11,1
2026-03-03 12:00:00,11.6,38,15.9,265,0.0,921.7,43380.0,-2.3,9.7,100,21.5,12.7,448,2.0,10.1,6.7,169.0,12,1
2026-03-03 13:00:00,11.6,40,15.7,261,0.0,921.4,42860.0,-1.6,9.9,100,20.1,13.0,449,2.0,11.1,6.5,172.0,13,1
2026-03-03 14:00:00,11.4,38,15.9,264,0.0,920.4,43680.0,-2.4,10.2,100,24.4,14.7,451,2.0,17.0,7.6,201.0,14,1
2026-03-03 15:00:00,10.7,40,12.5,258,0.0,920.8,43140.0,-2.4,9.9,100,41.1,23.0,454,2.6,27.5,10.0,286.0,15,1
2026-03-03 16:00:00,9.5,49,8.6,248,0.0,920.2,41720.0,-0.7,9.3,100,60.5,35.8,459,3.3,46.8,18.5,392.0,16,1
2026-03-03 17:00:00,8.7,54,5.0,249,0.0,920.2,41100.0,-0.1,8.9,100,69.7,47.8,466,3.7,61.3,24.4,475.0,17,2
2026-03-03 18:00:00,7.9,58,4.4,261,0.0,920.5,40680.0,0.2,8.5,100,75.1,58.9,471,3.8,63.4,31.3,551.0,18,2
2026-03-03 19:00:00,6.8,64,4.4,325,0.0,921.2,39780.0,0.4,7.8,62,65.6,48.3,475,3.9,56.7,29.2,497.0,19,2
2026-03-03 20:00:00,5.5,65,5.4,352,0.0,921.8,39560.0,-0.5,5.7,38,61.7,43.4,478,3.7,46.2,24.9,423.0,20,0
2026-03-03 21:00:00,5.3,64,6.2,339,0.0,922.0,39700.0,-1.0,5.3,54,51.6,36.2,478,2.7,31.0,18.2,320.0,21,0
2026-03-03 22:00:00,4.5,64,4.4,305,0.0,921.8,39660.0,-1.7,4.5,1,44.8,34.8,474,1.9,20.7,12.6,254.0,22,0
2026-03-03 23:00:00,3.4,69,5.4,278,0.0,922.1,38540.0,-1.7,4.1,0,41.6,31.8,467,1.2,20.1,11.5,247.0,23,0
2026-03-04 00:00:00,2.5,72,5.8,263,0.0,921.7,37200.0,-2.0,3.1,1,30.0,21.8,461,0.6,14.2,10.3,210.0,0,0
2026-03-04 01:00:00,2.0,75,6.2,277,0.0,922.3,35940.0,-1.9,2.6,8,28.1,20.2,458,1.1,12.6,9.9,204.0,1,0
2026-03-04 02:00:00,1.3,76,6.1,270,0.0,922.4,35240.0,-2.5,2.0,3,27.1,19.2,457,1.4,13.0,10.0,205.0,2,0
2026-03-04 03:00:00,0.8,77,6.4,243,0.0,923.3,34280.0,-2.8,1.8,35,25.8,18.6,456,1.3,16.9,10.9,205.0,3,0
2026-03-04 04:00:00,0.6,77,6.3,239,0.0,923.5,34260.0,-3.0,1.2,24,20.0,17.2,456,1.2,21.0,12.0,214.0,4,0
2026-03-04 05:00:00,0.4,77,5.0,249,0.0,924.3,34640.0,-3.1,0.9,46,19.5,16.5,456,0.6,23.8,14.5,225.0,5,0
2026-03-04 06:00:00,1.9,67,5.4,222,0.0,925.1,38620.0,-3.6,1.1,65,15.1,12.2,456,0.6,16.9,11.4,194.0,6,0
2026-03-04 07:00:00,3.1,61,8.1,257,0.0,925.7,39200.0,-3.7,1.7,66,9.6,7.8,454,0.6,10.0,6.3,180.0,7,2
2026-03-04 08:00:00,4.5,53,9.6,304,0.0,925.7,40660.0,-4.2,2.8,95,7.9,6.2,451,0.5,5.7,4.7,161.0,8,2
2026-03-04 09:00:00,5.4,45,9.7,318,0.0,926.1,41760.0,-5.6,3.6,78,7.3,5.4,449,0.5,4.7,4.0,155.0,9,2
2026-03-04 10:00:00,6.6,41,11.2,320,0.0,925.7,42300.0,-5.8,4.3,81,6.7,5.1,448,0.5,4.9,3.8,153.0,10,1
2026-03-04 11:00:00,7.4,39,12.0,327,0.0,925.5,42820.0,-5.7,5.2,80,7.0,5.3,448,0.6,4.6,3.5,150.0,11,1
2026-03-04 12:00:00,8.5,33,11.6,338,0.0,925.3,44780.0,-6.9,6.3,62,7.1,5.2,449,0.6,4.7,3.2,153.0,12,1
2026-03-04 13:00:00,8.9,31,11.7,349,0.0,924.8,45680.0,-7.4,6.8,31,7.5,5.2,448,0.7,4.9,3.1,161.0,13,1
2026-03-04 14:00:00,8.9,30,11.5,356,0.0,924.3,47020.0,-7.7,7.2,0,10.6,7.1,448,0.8,6.4,3.4,173.0,14,1
2026-03-04 15:00:00,8.5,28,9.3,344,0.0,924.5,48040.0,-9.0,7.4,0,14.0,9.9,455,1.1,17.8,6.6,242.0,15,1
2026-03-04 16:00:00,7.3,34,6.0,327,0.0,924.4,45980.0,-7.6,7.1,0,32.3,22.9,474,1.8,37.4,15.7,346.0,16,1
2026-03-04 17:00:00,5.9,43,3.3,311,0.0,924.6,43100.0,-5.7,6.5,0,48.2,36.8,499,2.8,56.8,24.1,476.0,17,2
2026-03-04 18:00:00,5.7,42,1.8,270,0.0,924.8,43860.0,-6.2,6.2,0,55.1,43.8,520,3.3,58.7,30.9,605.0,18,2
2026-03-04 19:00:00,4.9,45,1.1,288,0.0,924.9,43040.0,-6.1,5.8,0,74.9,54.9,533,4.7,68.1,41.0,712.0,19,2
2026-03-04 20:00:00,3.6,50,1.0,45,0.0,924.9,42120.0,-5.8,5.3,0,88.1,60.9,541,5.3,72.2,53.4,809.0,20,0
2026-03-04 21:00:00,2.3,51,3.6,90,0.0,925.0,41760.0,-6.8,4.7,0,88.5,71.4,543,5.4,73.5,58.5,780.0,21,0
2026-03-04 22:00:00,0.1,67,4.0,100,0.0,924.9,38480.0,-5.3,4.3,0,87.8,70.7,535,4.3,70.0,55.4,713.0,22,0
2026-03-04 23:00:00,-0.9,75,4.0,100,0.0,924.6,35460.0,-4.7,3.6,0,65.4,55.4,521,3.6,66.5,50.4,693.0,23,0
2026-03-05 00:00:00,-1.3,77,3.8,107,0.0,924.9,34080.0,-4.8,3.5,0,57.3,48.1,510,4.2,55.9,48.1,688.0,0,0
2026-03-05 01:00:00,-1.7,79,4.0,100,0.0,924.3,32520.0,-4.8,2.9,0,64.0,52.0,506,4.0,50.1,49.6,674.0,1,0
2026-03-05 02:00:00,-1.9,79,3.7,101,0.0,924.0,32700.0,-5.1,2.2,1,55.9,45.5,505,3.8,45.4,43.9,636.0,2,0
2026-03-05 03:00:00,-2.5,78,3.6,96,0.0,924.3,33320.0,-5.8,1.5,1,52.1,42.6,504,4.8,45.2,39.8,593.0,3,0
2026-03-05 04:00:00,-2.7,77,4.0,95,0.0,924.0,34180.0,-6.1,1.2,1,50.4,40.9,504,4.9,48.3,46.1,526.0,4,0
2026-03-05 05:00:00,-2.8,75,4.0,95,0.0,924.3,35200.0,-6.6,0.9,0,61.3,44.5,504,5.0,52.7,56.7,526.0,5,0
2026-03-05 06:00:00,-1.2,68,3.3,77,0.0,924.7,38220.0,-6.4,1.0,0,54.0,47.3,499,3.7,53.0,59.4,523.0,6,0
2026-03-05 07:00:00,2.5,48,2.5,8,0.0,924.4,41460.0,-7.4,1.3,0,37.1,29.5,484,1.9,45.8,40.0,376.0,7,2
2026-03-05 08:00:00,4.9,42,2.5,315,0.0,924.3,42200.0,-7.0,3.1,46,29.8,23.3,465,2.1,30.3,28.4,275.0,8,2
2026-03-05 09:00:00,7.3,40,4.7,266,0.0,923.7,42520.0,-5.4,5.1,73,20.2,16.0,451,2.0,21.8,17.7,225.0,9,2
2026-03-05 10:00:00,9.6,32,7.1,246,0.0,923.3,44820.0,-6.3,7.2,100,18.1,14.6,447,2.1,14.8,13.3,206.0,10,1
2026-03-05 11:00:00,10.7,29,9.2,239,0.0,922.0,46540.0,-6.6,8.3,92,17.0,14.2,447,2.1,13.5,11.5,200.0,11,1
2026-03-05 12:00:00,11.3,31,9.4,252,0.0,921.3,45500.0,-5.2,9.0,85,16.5,13.2,450,1.7,12.7,10.5,200.0,12,1
2026-03-05 13:00:00,11.5,33,9.8,264,0.0,920.3,45080.0,-4.3,9.6,100,14.8,13.3,453,1.7,13.9,8.9,192.0,13,1
2026-03-05 14:00:00,11.0,31,9.1,277,0.0,919.9,46200.0,-5.5,9.5,89,21.6,16.5,458,1.7,25.7,9.2,220.0,14,1
2026-03-05 15:00:00,10.3,33,6.5,276,0.0,919.5,45860.0,-5.3,9.3,100,24.8,19.1,466,2.0,32.5,12.0,277.0,15,1
2026-03-05 16:00:00,9.4,36,3.6,307,0.0,919.3,45000.0,-5.0,9.1,100,52.2,36.8,483,3.0,76.3,22.1,492.0,16,1
2026-03-05 17:00:00,8.4,41,1.9,338,0.0,919.2,43800.0,-4.1,8.9,100,66.6,52.4,504,3.7,82.2,34.4,739.0,17,2
2026-03-05 18:00:00,8.0,42,1.3,214,0.0,919.6,43800.0,-4.1,8.8,100,87.1,68.4,516,4.5,85.3,44.8,848.0,18,2
2026-03-05 19:00:00,7.2,45,3.1,159,0.0,919.2,43160.0,-4.0,8.4,100,100.5,76.4,512,4.6,84.4,50.7,875.0,19,2
2026-03-05 20:00:00,6.3,50,2.6,164,0.0,919.2,41920.0,-3.4,7.9,100,102.2,76.2,499,4.1,84.6,66.2,956.0,20,0
2026-03-05 21:00:00,5.1,57,3.7,169,0.0,919.6,40820.0,-2.7,7.6,100,112.9,75.0,491,4.0,83.0,58.1,918.0,21,0
2026-03-05 22:00:00,4.8,56,3.7,151,0.0,919.6,40920.0,-3.3,7.3,100,114.6,78.4,495,4.2,79.5,52.5,903.0,22,0
2026-03-05 23:00:00,4.4,59,2.3,129,0.0,919.4,40720.0,-2.9,6.9,100,98.9,75.7,505,4.8,73.9,54.4,813.0,23,0
2026-03-06 00:00:00,4.5,56,2.9,187,0.0,919.4,41040.0,-3.5,6.6,100,81.0,62.8,511,4.3,65.4,38.7,664.0,0,0
2026-03-06 01:00:00,4.4,56,3.3,139,0.0,918.7,40920.0,-3.6,6.3,100,89.7,63.1,510,4.8,56.4,44.2,742.0,1,0
2026-03-06 02:00:00,4.2,59,1.8,270,0.0,918.6,40820.0,-3.1,5.5,100,73.5,60.4,506,3.9,48.6,38.8,588.0,2,0
2026-03-06 03:00:00,4.4,56,2.4,207,0.0,918.9,41180.0,-3.6,5.2,100,54.9,48.5,502,3.2,39.8,38.1,539.0,3,0
2026-03-06 04:00:00,3.9,61,2.3,198,0.0,919.1,40480.0,-3.0,4.8,90,55.2,44.6,502,3.4,42.3,39.6,550.0,4,0
2026-03-06 05:00:00,3.7,63,2.2,261,0.0,919.5,40200.0,-2.7,4.5,100,62.5,43.2,502,3.3,50.8,48.0,593.0,5,0
2026-03-06 06:00:00,4.3,69,4.7,203,0.2,920.6,38240.0,-0.9,4.4,87,43.0,35.9,498,3.1,50.9,37.1,586.0,6,0
2026-03-06 07:00:00,5.8,65,5.2,245,0.0,920.2,38860.0,-0.3,4.5,100,36.2,30.1,486,1.6,47.8,34.4,410.0,7,2
2026-03-06 08:00:00,7.2,61,8.8,305,0.0,920.4,39300.0,0.2,5.5,81,22.3,17.0,470,1.7,28.7,21.9,244.0,8,2
2026-03-06 09:00:00,7.3,59,10.8,307,0.0,920.6,39840.0,-0.2,5.6,82,16.7,14.2,458,1.2,15.3,10.5,189.0,9,2
2026-03-06 10:00:00,9.2,46,13.0,298,0.0,920.1,41600.0,-1.8,7.1,96,12.2,10.6,452,0.9,9.6,6.1,172.0,10,1
2026-03-06 11:00:00,9.0,44,16.4,299,0.0,919.4,42080.0,-2.6,7.3,98,11.4,9.0,451,0.9,7.5,4.8,165.0,11,1
2026-03-06 12:00:00,9.5,43,17.4,294,0.1,919.1,42140.0,-2.5,7.7,98,13.1,10.7,450,1.0,7.2,4.0,169.0,12,1
2026-03-06 13:00:00,9.0,46,20.0,300,0.1,919.1,41740.0,-2.0,7.4,100,15.5,13.2,450,1.3,8.3,4.0,171.0,13,1
2026-03-06 14:00:00,8.2,49,16.5,314,0.1,918.5,41480.0,-1.9,7.0,95,16.6,14.7,452,1.0,11.2,4.7,193.0,14,1
2026-03-06 15:00:00,7.0,52,18.3,328,0.0,919.2,41020.0,-2.2,6.0,84,20.8,17.9,455,0.8,13.9,5.9,222.0,15,1
2026-03-06 16:00:00,5.8,55,13.5,326,0.0,919.3,40820.0,-2.6,5.1,46,33.7,27.7,460,1.0,25.6,8.5,260.0,16,1
2026-03-06 17:00:00,4.6,61,8.4,301,0.0,919.9,40160.0,-2.3,4.3,42,36.7,30.3,466,1.0,34.4,10.8,277.0,17,2
2026-03-06 18:00:00,3.9,60,8.5,306,0.0,920.9,40260.0,-3.2,3.7,23,40.9,33.1,469,1.1,39.0,15.3,321.0,18,2
2026-03-06 19:00:00,3.1,63,4.4,305,0.0,921.1,39900.0,-3.2,3.1,27,43.7,35.9,467,1.1,41.0,17.4,362.0,19,2
2026-03-06 20:00:00,2.3,65,5.8,330,0.0,921.4,39420.0,-3.6,2.5,33,43.4,35.5,462,1.1,31.0,15.5,354.0,20,0
2026-03-06 21:00:00,2.0,59,7.8,338,0.0,921.6,40360.0,-5.2,1.9,16,33.4,27.1,459,1.0,21.8,14.4,286.0,21,0
2026-03-06 22:00:00,1.2,60,3.9,304,0.0,921.7,40340.0,-5.7,1.2,11,24.1,18.6,459,0.8,15.7,7.1,226.0,22,0
2026-03-06 23:00:00,0.5,65,5.0,249,0.0,921.6,39500.0,-5.3,1.0,42,23.4,17.0,462,1.0,11.3,4.9,208.0,23,0
2026-03-07 00:00:00,0.3,64,4.7,247,0.0,921.7,39680.0,-5.7,0.6,44,22.7,18.2,463,1.0,16.3,6.3,218.0,0,0
2026-03-07 01:00:00,-0.2,70,4.5,241,0.0,921.5,37920.0,-5.0,0.2,24,19.3,15.3,463,1.0,13.0,6.0,213.0,1,0
2026-03-07 02:00:00,-0.5,72,4.0,260,0.0,921.8,37000.0,-5.0,-0.0,48,17.5,13.0,463,1.1,13.2,7.0,210.0,2,0
2026-03-07 03:00:00,-0.3,72,1.9,248,0.0,922.4,37300.0,-4.7,0.2,12,19.1,12.7,462,1.5,14.7,9.0,206.0,3,0
2026-03-07 04:00:00,-0.5,74,1.3,236,0.0,923.1,36800.0,-4.6,-0.2,26,22.6,15.1,461,1.5,18.8,11.8,216.0,4,0
2026-03-07 05:00:00,-0.4,69,0.4,90,0.0,923.7,38600.0,-5.4,-0.3,39,17.2,13.3,460,1.3,20.7,15.9,206.0,5,0
2026-03-07 06:00:00,1.1,56,2.8,50,0.0,924.6,40700.0,-6.7,0.2,9,12.2,8.0,458,0.8,13.2,11.7,179.0,6,0
2026-03-07 07:00:00,2.2,48,9.7,22,0.0,924.8,41280.0,-7.7,0.5,7,9.5,6.6,455,0.9,5.5,6.2,170.0,7,2
2026-03-07 08:00:00,3.4,44,10.5,27,0.0,925.3,41740.0,-7.7,1.2,18,8.7,5.7,452,0.9,5.0,4.8,167.0,8,2
2026-03-07 09:00:00,4.3,40,8.8,35,0.0,925.9,42240.0,-8.1,1.7,30,7.9,5.3,449,0.8,5.0,4.5,160.0,9,2
2026-03-07 10:00:00,5.5,35,8.7,30,0.0,925.3,43400.0,-8.8,2.7,26,7.3,5.1,448,0.8,4.9,3.9,160.0,10,1
2026-03-07 11:00:00,6.1,32,8.7,30,0.0,924.3,44740.0,-9.4,3.4,27,7.2,5.0,448,0.9,5.4,4.0,161.0,11,1
2026-03-07 12:00:00,6.7,32,10.6,24,0.0,924.5,44720.0,-8.8,4.1,28,7.2,4.9,448,0.9,6.1,3.8,166.0,12,1
2026-03-07 13:00:00,6.8,32,10.3,25,0.0,923.9,45260.0,-8.7,4.5,31,7.0,5.1,448,0.9,6.5,3.6,172.0,13,1
2026-03-07 14:00:00,6.6,33,9.4,32,0.0,923.3,44980.0,-8.6,4.8,60,8.9,6.4,449,1.0,7.9,3.8,176.0,14,1
2026-03-07 15:00:00,6.5,33,7.0,35,0.0,923.5,45320.0,-8.6,5.3,45,14.7,11.2,451,1.2,12.4,4.3,198.0,15,1
2026-03-07 16:00:00,5.8,37,7.0,55,0.0,923.3,44440.0,-7.8,5.0,88,30.1,21.9,454,1.7,22.8,10.2,287.0,16,1
2026-03-07 17:00:00,5.0,41,7.8,56,0.0,923.5,43180.0,-7.2,4.4,74,37.8,29.4,457,2.5,28.3,11.9,321.0,17,2
2026-03-07 18:00:00,3.9,43,6.9,51,0.0,924.1,42680.0,-7.6,3.4,37,38.6,30.5,461,2.5,33.1,13.3,335.0,18,2
2026-03-07 19:00:00,2.9,47,6.1,50,0.0,924.3,41940.0,-7.3,2.7,29,38.9,30.4,465,3.2,39.0,16.4,400.0,19,2
2026-03-07 20:00:00,2.1,53,5.1,51,0.0,924.6,41300.0,-6.5,2.1,7,37.7,30.3,470,3.6,38.1,17.3,409.0,20,0
2026-03-07 21:00:00,1.2,57,4.0,63,0.0,924.6,40820.0,-6.4,1.6,44,32.5,25.5,473,3.9,35.8,15.6,374.0,21,0
2026-03-07 22:00:00,0.5,64,3.1,69,0.0,924.6,39880.0,-5.5,1.4,37,26.1,21.8,475,3.9,32.0,13.3,339.0,22,0
2026-03-07 23:00:00,-0.3,71,3.0,76,0.0,924.6,37880.0,-4.9,1.0,45,22.0,18.5,476,3.8,27.4,11.5,302.0,23,0
2026-03-08 00:00:00,-1.1,72,3.6,84,0.0,925.1,37060.0,-5.5,0.3,47,18.6,14.4,476,3.7,24.0,10.6,272.0,0,0
2026-03-08 01:00:00,-1.7,77,3.6,84,0.0,924.5,33840.0,-5.2,-0.1,6,18.5,13.7,475,3.8,24.9,11.8,260.0,1,0
2026-03-08 02:00:00,-2.0,78,3.3,84,0.0,924.4,33740.0,-5.3,-0.5,2,17.3,12.9,473,3.9,29.5,13.9,267.0,2,0
2026-03-08 03:00:00,-2.8,82,3.2,90,0.0,924.4,30200.0,-5.4,-1.1,0,17.4,14.8,471,4.0,30.0,13.7,268.0,3,0
2026-03-08 04:00:00,-3.2,82,3.2,90,0.0,924.2,29640.0,-5.8,-1.3,0,18.7,14.9,472,4.2,31.9,18.1,264.0,4,0
2026-03-08 05:00:00,-3.3,83,3.2,90,0.0,924.8,29200.0,-5.7,-1.6,0,15.2,12.7,473,4.2,24.5,26.3,261.0,5,0
2026-03-08 06:00:00,-1.3,75,2.2,90,0.0,925.0,34460.0,-5.1,-1.0,0,14.9,12.5,472,3.4,20.1,18.1,224.0,6,0
2026-03-08 07:00:00,1.3,57,2.3,18,0.0,925.3,40040.0,-6.3,-0.2,0,13.9,10.7,467,2.5,12.6,13.0,195.0,7,2
2026-03-08 08:00:00,3.4,48,1.6,333,0.0,925.4,41140.0,-6.6,1.4,0,13.1,8.4,460,1.5,10.3,9.9,197.0,8,2
2026-03-08 09:00:00,4.7,42,1.8,281,0.0,924.7,41840.0,-7.2,2.3,3,12.3,8.1,455,1.1,10.8,10.0,189.0,9,2
2026-03-08 10:00:00,6.0,37,2.8,310,0.0,924.4,42960.0,-7.6,3.4,0,12.7,8.2,454,1.1,12.0,9.9,188.0,10,1
2026-03-08 11:00:00,7.0,34,2.8,320,0.0,923.5,43860.0,-7.8,4.4,0,12.1,8.3,454,1.1,11.4,9.1,185.0,11,1
2026-03-08 12:00:00,7.9,32,1.8,11,0.0,923.3,44840.0,-7.8,5.4,0,11.7,8.1,455,1.1,11.5,8.2,181.0,12,1
2026-03-08 13:00:00,8.4,27,4.2,31,0.0,922.9,47940.0,-9.5,6.3,0,11.5,8.4,453,1.4,11.1,7.5,189.0,13,1
2026-03-08 14:00:00,8.5,29,5.9,47,0.0,922.9,47460.0,-8.6,6.7,2,10.9,8.7,452,1.7,11.2,6.6,200.0,14,1
2026-03-08 15:00:00,8.3,34,7.0,55,0.0,922.8,45200.0,-6.7,7.1,5,23.8,17.3,454,1.8,19.7,6.2,261.0,15,1
2026-03-08 16:00:00,7.3,35,6.3,77,0.0,922.5,45320.0,-7.2,6.9,2,33.7,24.2,465,2.8,23.8,10.5,309.0,16,1
2026-03-08 17:00:00,5.6,39,6.9,96,0.0,923.1,43960.0,-7.3,5.7,1,45.0,33.3,480,3.1,33.8,14.1,351.0,17,2
2026-03-08 18:00:00,4.5,40,3.6,96,0.0,924.1,43860.0,-8.0,5.3,10,47.5,35.2,490,3.6,35.1,17.4,369.0,18,2
2026-03-08 19:00:00,3.0,50,4.3,85,0.0,924.6,41800.0,-6.4,4.7,10,42.2,33.9,490,3.5,37.9,22.1,384.0,19,2
2026-03-08 20:00:00,1.9,58,4.8,77,0.0,924.7,40720.0,-5.5,3.9,14,37.9,28.5,485,3.7,31.7,15.2,356.0,20,0
2026-03-08 21:00:00,0.7,64,3.6,90,0.0,924.8,39700.0,-5.4,2.9,1,29.5,22.0,480,3.8,27.7,11.9,313.0,21,0
2026-03-08 22:00:00,0.1,69,3.6,84,0.0,924.8,38120.0,-4.9,2.4,0,22.3,17.3,475,3.7,26.6,9.9,281.0,22,0
2026-03-08 23:00:00,-0.4,73,4.0,85,0.0,925.1,36840.0,-4.7,1.9,0,18.7,13.8,470,3.6,23.2,9.7,253.0,23,0
2026-03-09 00:00:00,-0.3,66,4.9,73,0.0,924.7,39200.0,-5.9,1.2,0,16.4,12.7,466,3.7,22.2,9.6,239.0,0,0
2026-03-09 01:00:00,-0.7,67,4.8,77,0.0,924.9,38880.0,-6.1,0.8,0,16.2,11.9,463,3.6,21.6,12.1,231.0,1,0
2026-03-09 02:00:00,-1.0,68,4.1,75,0.0,924.7,38700.0,-6.2,0.2,0,14.8,11.4,461,3.7,19.5,11.9,221.0,2,0
2026-03-09 03:00:00,-1.6,71,4.6,72,0.0,925.6,37860.0,-6.1,-0.5,0,15.6,11.9,460,3.7,20.5,13.2,235.0,3,0
2026-03-09 04:00:00,-2.0,74,4.1,75,0.0,926.0,36520.0,-6.0,-0.7,0,15.9,12.9,461,3.8,22.6,12.9,247.0,4,0
2026-03-09 05:00:00,-2.1,74,4.0,80,0.0,926.8,35920.0,-6.1,-1.0,0,14.8,11.1,463,3.8,29.8,22.2,253.0,5,0
2026-03-09 06:00:00,-0.5,66,3.6,45,0.0,927.5,38700.0,-6.1,-1.0,0,14.1,10.8,463,2.4,24.8,22.6,222.0,6,0
2026-03-09 07:00:00,1.5,54,7.2,37,0.0,928.0,40480.0,-6.8,-0.1,0,12.5,8.5,459,1.5,14.9,13.4,189.0,7,2
2026-03-09 08:00:00,3.4,46,9.2,42,0.0,928.0,41400.0,-7.1,1.4,0,10.2,6.4,454,1.0,8.7,7.8,165.0,8,2
2026-03-09 09:00:00,5.7,40,8.7,60,0.0,927.8,42260.0,-6.8,3.3,0,8.8,5.7,450,0.9,6.3,5.4,157.0,9,2
2026-03-09 10:00:00,7.7,32,11.4,62,0.0,927.0,45100.0,-8.0,5.1,0,6.2,4.8,448,0.8,4.2,3.9,152.0,10,1
2026-03-09 11:00:00,8.8,28,13.7,60,0.0,926.8,47060.0,-8.7,6.1,0,5.5,4.4,447,0.8,3.7,3.3,154.0,11,1
2026-03-09 12:00:00,9.7,25,18.5,63,0.0,926.5,49260.0,-9.4,7.2,0,5.6,4.6,447,0.8,3.8,3.0,154.0,12,1
2026-03-09 13:00:00,9.5,24,22.1,66,0.0,926.5,50340.0,-10.1,7.3,0,5.8,4.9,447,0.9,4.1,2.7,160.0,13,1
2026-03-09 14:00:00,8.9,26,23.7,66,0.0,926.1,49060.0,-9.6,7.2,0,7.8,6.4,448,1.1,4.6,2.9,170.0,14,1
2026-03-09 15:00:00,8.0,29,21.9,65,0.0,926.4,47340.0,-9.0,7.0,0,11.5,8.4,450,1.2,8.4,3.9,191.0,15,1
2026-03-09 16:00:00,6.6,37,16.3,68,0.0,926.6,44100.0,-7.0,6.2,0,21.6,15.5,453,1.5,19.5,7.7,262.0,16,1
2026-03-09 17:00:00,5.5,40,11.6,74,0.0,927.0,43440.0,-7.1,5.3,0,27.4,22.1,456,2.0,29.8,12.5,299.0,17,2
2026-03-09 18:00:00,4.7,41,6.5,56,0.0,928.1,43380.0,-7.4,4.9,0,32.0,23.3,460,2.2,34.5,14.8,328.0,18,2
2026-03-09 19:00:00,3.8,47,4.4,55,0.0,928.3,42120.0,-6.5,4.3,0,32.3,23.7,464,2.6,31.4,16.8,332.0,19,2
2026-03-09 20:00:00,2.5,53,3.9,56,0.0,928.6,41360.0,-6.1,3.9,0,31.7,23.5,469,2.7,28.1,16.1,320.0,20,0
2026-03-09 21:00:00,1.9,51,4.1,38,0.0,928.7,41520.0,-7.2,3.6,0,25.8,20.7,471,2.8,25.2,13.6,279.0,21,0
2026-03-09 22:00:00,1.1,53,3.8,49,0.0,928.7,41280.0,-7.4,3.1,0,20.4,15.6,470,2.9,21.0,10.3,244.0,22,0
2026-03-09 23:00:00,0.4,57,3.8,73,0.0,928.4,40820.0,-7.1,2.7,0,17.6,12.5,468,3.2,16.8,8.2,221.0,23,0
2026-03-10 00:00:00,0.3,55,4.6,51,0.0,928.4,41020.0,-7.7,2.3,0,15.3,10.5,465,3.4,14.3,7.1,203.0,0,0
2026-03-10 01:00:00,-0.2,58,4.2,59,0.0,928.1,40680.0,-7.5,2.0,0,14.0,10.3,461,3.4,13.0,8.6,190.0,1,0
2026-03-10 02:00:00,-0.6,58,3.9,68,0.0,927.9,40620.0,-7.8,1.9,0,13.3,10.1,456,3.4,14.2,10.2,203.0,2,0
2026-03-10 03:00:00,-1.0,57,4.7,58,0.0,928.1,40720.0,-8.4,1.5,0,13.2,9.7,453,3.2,19.7,13.2,223.0,3,0
2026-03-10 04:00:00,-1.3,57,4.0,63,0.0,927.9,40760.0,-8.8,1.5,0,14.0,10.0,455,3.2,22.5,15.0,239.0,4,0
2026-03-10 05:00:00,-1.6,58,3.7,79,0.0,927.6,40620.0,-8.8,1.4,0,14.5,9.5,458,2.2,30.1,25.6,258.0,5,0
2026-03-10 06:00:00,0.6,52,3.1,54,0.0,928.3,41140.0,-8.1,1.9,0,13.3,9.0,460,1.5,23.6,19.0,220.0,6,0
2026-03-10 07:00:00,3.9,35,4.9,36,0.0,928.4,44700.0,-10.2,2.5,0,7.8,5.5,457,1.2,13.4,11.1,180.0,7,2
2026-03-10 08:00:00,6.5,28,8.6,57,0.0,928.5,47420.0,-10.7,4.6,0,5.6,4.0,452,0.9,7.3,5.8,163.0,8,2
2026-03-10 09:00:00,9.7,18,15.5,77,0.0,927.2,57340.0,-13.5,7.3,0,5.0,3.6,448,0.8,4.5,3.9,155.0,9,2
2026-03-10 10:00:00,10.7,17,18.0,78,0.0,926.9,57640.0,-13.4,8.0,0,4.7,3.7,447,0.8,4.1,3.2,153.0,10,1
2026-03-10 11:00:00,11.2,20,18.3,80,0.0,926.0,53940.0,-10.9,8.6,0,5.0,4.0,447,1.0,4.1,2.9,153.0,11,1
2026-03-10 12:00:00,11.8,19,18.7,79,0.0,925.8,55100.0,-11.1,9.3,0,6.2,4.5,448,1.1,4.8,3.4,160.0,12,1
2026-03-10 13:00:00,11.9,18,17.5,81,0.0,925.4,56580.0,-11.7,9.8,0,6.8,5.4,448,1.2,5.9,3.5,168.0,13,1
2026-03-10 14:00:00,11.5,20,17.5,81,0.0,925.1,55080.0,-10.7,9.9,0,9.3,6.7,449,1.5,7.3,3.9,175.0,14,1
2026-03-10 15:00:00,10.8,22,13.8,70,0.0,924.8,53460.0,-10.1,9.9,0,16.2,11.3,453,1.8,14.4,4.8,202.0,15,1
2026-03-10 16:00:00,9.2,24,8.7,52,0.0,924.8,52060.0,-10.4,9.2,0,26.7,20.2,464,2.6,31.0,11.3,286.0,16,1
2026-03-10 17:00:00,7.4,29,4.8,63,0.0,924.9,49260.0,-9.5,8.4,0,32.0,22.9,478,3.1,42.5,17.4,398.0,17,2
2026-03-10 18:00:00,5.3,35,4.4,55,0.0,925.9,45600.0,-9.0,7.6,0,41.6,27.6,487,3.4,43.2,20.0,411.0,18,2
2026-03-10 19:00:00,3.2,47,4.8,77,0.0,925.7,42040.0,-7.0,7.0,0,42.1,30.5,485,3.4,40.1,21.4,436.0,19,2
2026-03-10 20:00:00,1.6,55,5.4,98,0.0,926.2,40900.0,-6.5,6.2,0,39.4,30.3,478,3.6,40.8,23.2,449.0,20,0
2026-03-10 21:00:00,0.8,57,4.7,99,0.0,926.1,40720.0,-6.8,5.5,0,31.8,25.6,472,3.6,40.9,22.7,418.0,21,0
2026-03-10 22:00:00,-0.0,62,4.9,107,0.0,925.9,40100.0,-6.4,4.9,0,26.5,18.2,471,3.5,38.9,21.5,354.0,22,0
2026-03-10 23:00:00,-0.6,65,5.0,111,0.0,926.1,39300.0,-6.4,4.4,0,19.3,15.9,472,3.5,34.4,17.3,310.0,23,0
2026-03-11 00:00:00,-0.9,67,4.8,103,0.0,925.9,38860.0,-6.3,3.9,0,16.8,12.6,472,3.6,29.9,15.2,287.0,0,0
2026-03-11 01:00:00,-1.5,70,5.4,110,0.0,925.9,37920.0,-6.2,3.4,0,19.0,12.4,470,3.7,28.3,15.9,266.0,1,0
2026-03-11 02:00:00,-1.7,71,5.0,111,0.0,925.9,37320.0,-6.3,3.0,0,16.9,11.3,468,4.1,28.0,18.2,251.0,2,0
2026-03-11 03:00:00,-2.8,73,4.6,108,0.0,926.2,36660.0,-6.9,2.1,0,17.6,13.2,468,4.1,28.8,20.6,250.0,3,0
2026-03-11 04:00:00,-3.2,75,5.0,111,0.0,926.0,35480.0,-7.0,1.8,0,19.6,14.2,475,4.2,30.9,19.5,264.0,4,0
2026-03-11 05:00:00,-3.1,74,4.7,113,0.0,926.4,35360.0,-7.1,1.4,0,21.2,17.0,485,4.1,34.8,36.1,297.0,5,0
2026-03-11 06:00:00,-0.4,64,3.0,104,0.0,926.8,38960.0,-6.4,2.1,0,26.3,22.0,489,3.5,40.3,35.6,357.0,6,0
2026-03-11 07:00:00,4.0,42,1.3,34,0.0,926.3,42140.0,-7.8,2.7,0,17.8,12.8,481,2.7,28.6,24.6,248.0,7,2
2026-03-11 08:00:00,6.9,33,1.9,338,0.0,925.7,44680.0,-8.3,5.1,0,19.5,14.3,467,2.2,28.2,19.8,236.0,8,2
2026-03-11 09:00:00,9.8,27,2.1,329,0.0,925.2,47620.0,-8.4,7.5,0,21.6,16.1,457,1.7,27.5,16.5,223.0,9,2
2026-03-11 10:00:00,11.8,22,1.5,284,0.0,924.2,51600.0,-9.3,9.4,0,20.2,13.9,454,1.6,24.5,13.9,208.0,10,1
2026-03-11 11:00:00,13.0,20,3.3,257,0.0,923.1,53960.0,-9.4,10.7,0,18.2,12.8,453,1.3,21.7,12.1,215.0,11,1
2026-03-11 12:00:00,14.4,18,0.4,270,0.0,922.3,56180.0,-9.6,12.3,0,18.5,12.6,455,1.1,21.4,13.1,222.0,12,1
2026-03-11 13:00:00,14.7,18,1.8,281,0.0,921.6,57020.0,-9.4,12.7,0,18.1,12.0,457,1.1,21.2,12.2,220.0,13,1
2026-03-11 14:00:00,14.7,19,2.9,270,0.0,920.7,56560.0,-8.7,13.2,0,25.5,16.1,460,1.0,31.1,13.5,271.0,14,1
2026-03-11 15:00:00,14.5,18,5.8,263,0.0,920.5,58040.0,-9.5,13.6,0,31.3,21.2,468,1.3,37.2,17.3,299.0,15,1
2026-03-11 16:00:00,12.5,20,5.9,259,0.0,919.8,56200.0,-9.9,12.9,0,52.6,38.5,486,2.0,64.2,24.1,465.0,16,1
2026-03-11 17:00:00,10.8,26,0.7,90,0.0,919.9,53500.0,-7.9,12.5,0,67.9,49.3,508,2.8,77.2,30.7,580.0,17,2
2026-03-11 18:00:00,7.3,41,5.0,120,0.0,920.6,43140.0,-5.1,11.6,1,80.5,61.6,521,3.1,83.9,37.9,708.0,18,2
2026-03-11 19:00:00,4.7,58,5.6,117,0.0,920.8,40520.0,-2.9,10.4,6,91.0,71.2,518,3.6,85.1,46.2,785.0,19,2
2026-03-11 20:00:00,3.4,54,5.5,101,0.0,920.8,41040.0,-5.1,9.3,29,94.0,72.8,505,4.3,80.2,47.3,791.0,20,0
2026-03-11 21:00:00,2.4,55,4.7,99,0.0,920.9,40940.0,-5.7,8.3,0,83.3,65.6,496,5.0,71.3,42.8,714.0,21,0
2026-03-11 22:00:00,1.3,60,4.5,104,0.0,920.5,40200.0,-5.6,7.5,0,66.2,51.7,494,5.0,59.6,33.6,574.0,22,0
2026-03-11 23:00:00,0.4,64,4.7,113,0.0,920.2,39500.0,-5.6,6.6,15,52.9,39.9,494,4.7,47.7,26.0,450.0,23,0
2026-03-12 00:00:00,-0.4,69,4.6,108,0.0,920.0,37920.0,-5.4,6.1,1,43.7,32.2,495,4.6,41.8,21.6,352.0,0,0
2026-03-12 01:00:00,-0.8,72,4.6,108,0.0,919.8,36180.0,-5.2,5.4,0,40.2,29.1,496,4.7,39.1,21.9,316.0,1,0
2026-03-12 02:00:00,-1.1,73,4.7,113,0.0,919.4,34380.0,-5.3,4.6,0,35.0,25.1,497,5.0,35.9,20.7,275.0,2,0
2026-03-12 03:00:00,-1.8,77,4.1,105,0.0,919.7,32440.0,-5.3,4.2,0,30.0,22.0,500,5.4,33.8,22.5,265.0,3,0
2026-03-12 04:00:00,-2.1,75,4.2,110,0.0,919.5,32320.0,-5.9,3.7,0,29.3,22.2,507,5.8,40.3,29.2,274.0,4,0
2026-03-12 05:00:00,-1.8,72,4.3,114,0.0,919.9,33480.0,-6.2,3.1,0,34.8,25.0,515,5.7,42.1,42.2,305.0,5,0
2026-03-12 06:00:00,1.0,61,2.2,99,0.0,920.2,37000.0,-5.7,3.5,0,41.9,29.5,515,4.8,41.4,43.2,370.0,6,0
2026-03-12 07:00:00,5.5,44,1.9,338,0.0,920.2,41940.0,-5.8,4.3,0,33.9,26.4,500,3.5,34.6,30.9,310.0,7,2
2026-03-12 08:00:00,9.0,30,2.1,329,0.0,920.3,46200.0,-7.7,7.0,0,29.0,22.5,477,2.8,27.1,23.4,259.0,8,2
2026-03-12 09:00:00,10.8,27,3.0,284,0.0,920.1,47920.0,-7.5,8.5,0,26.7,19.8,459,2.1,23.6,19.0,237.0,9,2
2026-03-12 10:00:00,12.2,22,4.7,270,0.0,919.7,51480.0,-8.9,9.8,0,24.1,18.6,452,1.6,18.9,15.1,210.0,10,1
2026-03-12 11:00:00,13.1,20,6.4,286,0.0,919.0,53200.0,-9.4,10.5,0,23.0,18.1,451,1.5,16.9,13.1,198.0,11,1
2026-03-12 12:00:00,13.6,19,3.7,299,0.0,918.5,54920.0,-9.6,11.2,0,22.8,17.6,452,1.3,16.3,12.0,195.0,12,1
2026-03-12 13:00:00,13.7,19,4.6,321,0.0,918.2,55460.0,-9.5,11.6,0,23.0,17.2,452,1.2,17.5,11.5,191.0,13,1
2026-03-12 14:00:00,13.4,20,6.4,333,0.0,917.8,55140.0,-9.1,11.8,4,24.1,18.4,453,1.4,20.7,10.5,210.0,14,1
2026-03-12 15:00:00,13.2,22,4.0,5,0.0,918.2,53860.0,-8.1,12.1,39,29.0,21.2,461,1.6,32.1,13.5,272.0,15,1
2026-03-12 16:00:00,12.0,26,4.2,31,0.0,917.8,50780.0,-6.9,12.0,45,53.5,40.4,482,2.3,61.7,19.9,404.0,16,1
2026-03-12 17:00:00,9.9,31,4.8,77,0.0,917.9,47700.0,-6.4,11.3,39,64.7,49.3,508,3.1,75.4,28.7,592.0,17,2
2026-03-12 18:00:00,7.7,34,3.7,101,0.0,918.1,46560.0,-7.2,10.4,13,76.6,58.4,525,4.1,74.3,35.1,670.0,18,2
2026-03-12 19:00:00,5.5,43,4.0,95,0.0,918.1,42860.0,-6.1,9.5,0,84.3,63.0,524,3.8,71.4,40.5,777.0,19,2
2026-03-12 20:00:00,3.6,51,4.4,99,0.0,918.6,41420.0,-5.6,8.3,12,75.7,57.7,512,4.3,66.2,41.7,672.0,20,0
2026-03-12 21:00:00,2.5,56,4.6,108,0.0,918.6,40820.0,-5.4,7.8,9,59.4,46.1,501,3.7,59.8,34.6,549.0,21,0
2026-03-12 22:00:00,1.4,63,4.7,113,0.0,918.3,39600.0,-4.9,7.2,8,44.5,33.3,491,4.3,56.5,24.7,443.0,22,0
2026-03-12 23:00:00,0.6,68,4.8,103,0.0,918.0,38140.0,-4.7,6.5,1,35.9,26.2,480,4.4,47.1,20.2,351.0,23,0
2026-03-13 00:00:00,-0.3,69,4.5,104,0.0,918.2,37860.0,-5.3,5.6,0,29.0,21.8,474,4.3,38.9,19.3,317.0,0,0
2026-03-13 01:00:00,-0.8,70,4.6,108,0.0,917.8,37160.0,-5.6,5.1,0,32.9,25.1,474,4.2,38.2,24.1,309.0,1,0
2026-03-13 02:00:00,-1.2,71,4.3,114,0.0,917.4,35660.0,-5.8,4.4,0,33.3,22.2,478,4.2,35.7,21.5,297.0,2,0
2026-03-13 03:00:00,-1.7,73,4.1,105,0.0,917.5,33780.0,-5.9,3.8,0,31.6,22.4,484,4.3,34.6,22.3,277.0,3,0
2026-03-13 04:00:00,-2.0,73,4.3,114,0.0,917.3,33760.0,-6.2,3.4,0,34.6,25.1,496,4.7,42.9,32.1,299.0,4,0
2026-03-13 05:00:00,-1.7,72,4.2,110,0.0,917.7,34000.0,-6.1,3.0,0,40.3,32.5,511,5.3,45.5,42.0,346.0,5,0
2026-03-13 06:00:00,1.1,61,1.8,101,0.0,917.7,36120.0,-5.6,3.3,9,47.8,36.6,517,4.8,47.7,54.3,426.0,6,0
2026-03-13 07:00:00,5.6,39,1.3,304,0.0,918.1,42460.0,-7.3,4.1,3,53.1,39.1,506,4.0,46.0,43.7,422.0,7,2
2026-03-13 08:00:00,8.7,30,2.1,301,0.0,917.7,46180.0,-7.9,6.8,0,40.1,28.6,486,3.1,43.7,34.1,306.0,8,2
2026-03-13 09:00:00,11.0,28,5.5,281,0.0,916.9,47140.0,-6.8,8.7,0,29.2,19.5,470,2.3,30.1,22.0,235.0,9,2
2026-03-13 10:00:00,12.7,23,7.2,288,0.0,916.2,51180.0,-7.9,10.1,0,25.2,15.5,461,1.8,22.4,16.7,202.0,10,1
2026-03-13 11:00:00,13.8,22,6.6,279,0.0,915.9,51380.0,-7.6,11.1,0,20.7,14.8,455,1.4,19.3,14.0,191.0,11,1
2026-03-13 12:00:00,13.9,21,6.2,280,0.0,915.3,52360.0,-8.1,11.4,0,20.0,13.6,452,1.1,17.6,12.1,186.0,12,1
2026-03-13 13:00:00,14.0,21,6.1,270,0.0,915.2,53440.0,-8.0,11.8,0,19.3,13.5,452,1.1,16.4,9.7,188.0,13,1
2026-03-13 14:00:00,13.6,21,5.9,259,0.0,914.4,53960.0,-8.3,11.9,8,21.5,16.1,454,1.2,19.0,9.4,210.0,14,1
2026-03-13 15:00:00,13.1,21,5.2,254,0.0,914.5,54160.0,-8.7,12.0,25,31.1,20.7,461,1.3,28.1,12.9,269.0,15,1
2026-03-13 16:00:00,12.0,25,4.3,246,0.0,913.8,51440.0,-7.4,11.8,26,44.9,33.6,477,1.7,75.4,22.8,410.0,16,1
2026-03-13 17:00:00,10.5,32,2.8,220,0.0,914.2,47960.0,-5.5,11.6,40,60.2,46.2,497,2.4,85.8,31.0,611.0,17,2
2026-03-13 18:00:00,8.3,38,4.5,119,0.0,914.2,44360.0,-5.2,11.1,58,72.3,50.4,510,3.3,88.3,38.5,717.0,18,2
2026-03-13 19:00:00,6.7,46,5.0,111,0.0,914.7,42060.0,-4.1,10.1,62,75.4,56.0,510,3.6,86.2,40.8,692.0,19,2
2026-03-13 20:00:00,6.2,45,4.0,85,0.0,914.9,42380.0,-4.9,9.4,17,63.3,49.9,504,3.9,76.1,35.8,632.0,20,0
2026-03-13 21:00:00,4.3,53,3.8,73,0.0,914.9,41240.0,-4.4,8.6,19,49.3,38.7,497,3.2,61.8,27.9,491.0,21,0
2026-03-13 22:00:00,2.9,58,4.3,90,0.0,914.6,40580.0,-4.6,7.8,0,34.8,27.7,492,3.6,51.0,19.3,380.0,22,0
2026-03-13 23:00:00,1.7,62,4.7,99,0.0,914.6,39960.0,-4.8,7.1,0,26.4,22.5,486,3.8,39.5,16.2,314.0,23,0
2026-03-14 00:00:00,0.8,66,4.7,94,0.0,914.4,38940.0,-4.9,6.5,0,22.4,17.7,482,3.6,30.0,13.2,264.0,0,0
2026-03-14 01:00:00,0.1,68,4.7,94,0.0,913.8,38340.0,-5.1,5.9,0,21.8,16.4,479,3.9,28.8,13.0,254.0,1,0
2026-03-14 02:00:00,-0.3,69,4.7,99,0.0,913.4,38140.0,-5.3,5.2,0,22.0,15.6,477,4.1,23.6,12.2,236.0,2,0
2026-03-14 03:00:00,-0.9,72,4.3,95,0.0,913.1,36800.0,-5.3,4.8,1,22.1,15.7,476,4.1,24.1,13.4,220.0,3,0
2026-03-14 04:00:00,-1.4,73,4.4,99,0.0,913.2,36160.0,-5.6,4.3,0,23.3,16.1,479,4.2,28.0,17.7,230.0,4,0
2026-03-14 05:00:00,-0.8,69,4.4,99,0.0,913.4,36360.0,-5.8,4.0,2,31.4,20.8,484,4.6,30.3,26.9,250.0,5,0
2026-03-14 06:00:00,2.5,58,2.1,59,0.0,913.9,39220.0,-4.9,4.4,0,28.8,24.1,484,4.2,24.4,26.9,275.0,6,0
2026-03-14 07:00:00,7.2,39,4.8,13,0.0,913.7,43200.0,-5.8,5.7,0,22.6,17.0,474,3.9,17.4,20.3,204.0,7,2
2026-03-14 08:00:00,10.5,31,7.5,35,0.0,912.9,45420.0,-5.9,8.5,24,19.3,14.2,459,2.9,13.2,12.4,174.0,8,2
2026-03-14 09:00:00,13.0,26,6.1,50,0.0,912.4,48600.0,-6.1,10.6,47,16.5,11.9,448,2.3,7.8,7.2,160.0,9,2
2026-03-14 10:00:00,14.2,21,11.4,103,0.0,911.5,53280.0,-7.8,11.5,24,16.6,12.1,445,1.8,6.8,6.2,157.0,10,1
2026-03-14 11:00:00,14.5,21,12.7,98,0.0,910.3,52140.0,-7.6,11.7,28,17.1,12.3,447,1.5,6.9,5.2,151.0,11,1
2026-03-14 12:00:00,14.4,23,11.5,88,0.0,909.8,51040.0,-6.5,11.7,89,18.2,13.2,449,1.5,6.7,5.0,148.0,12,1
2026-03-14 13:00:00,14.4,23,12.4,82,0.0,909.0,51120.0,-6.5,12.2,100,18.6,13.6,450,1.6,6.8,4.7,152.0,13,1
2026-03-14 14:00:00,14.0,22,13.3,87,0.0,908.7,52200.0,-7.4,12.2,42,19.0,14.0,452,1.7,8.2,4.8,166.0,14,1
2026-03-14 15:00:00,12.9,24,13.7,88,0.0,908.2,50820.0,-7.2,11.9,100,21.1,17.5,455,1.9,12.4,7.0,186.0,15,1
2026-03-14 16:00:00,11.7,29,11.0,67,0.0,907.5,48380.0,-5.8,11.3,100,32.3,24.1,462,2.4,23.1,9.8,241.0,16,1
2026-03-14 17:00:00,10.5,30,9.5,53,0.0,907.6,47540.0,-6.4,10.3,100,43.3,32.8,470,3.2,31.5,13.3,326.0,17,2
2026-03-14 18:00:00,9.3,33,5.5,58,0.0,907.4,46380.0,-6.2,9.3,100,43.0,35.1,476,3.4,34.3,14.8,315.0,18,2
2026-03-14 19:00:00,8.6,39,4.3,48,0.1,907.4,43960.0,-4.6,9.0,81,42.9,34.8,477,3.5,33.8,18.0,311.0,19,2
2026-03-14 20:00:00,7.6,42,5.1,45,0.0,906.8,43240.0,-4.5,8.6,77,40.8,32.4,475,3.7,29.2,16.5,289.0,20,0
2026-03-14 21:00:00,6.4,44,3.9,34,0.0,906.9,42600.0,-5.0,7.7,86,35.3,27.2,473,3.4,23.9,16.1,262.0,21,0
2026-03-14 22:00:00,6.0,47,4.1,45,0.0,906.6,42020.0,-4.5,7.2,98,28.7,22.7,470,3.0,20.2,10.5,219.0,22,0
2026-03-14 23:00:00,5.7,47,3.9,56,0.0,906.5,42020.0,-4.7,6.8,95,24.3,19.6,467,3.1,16.2,7.5,195.0,23,0
2026-03-15 00:00:00,5.3,51,4.2,59,0.0,906.0,41560.0,-4.1,6.5,93,23.4,17.0,464,3.1,15.4,7.5,188.0,0,0
2026-03-15 01:00:00,4.4,56,4.2,70,0.0,905.8,40960.0,-3.6,6.3,73,22.4,16.3,462,3.0,18.1,10.0,193.0,1,0
2026-03-15 02:00:00,3.5,63,4.0,90,0.0,905.6,40040.0,-2.9,6.1,71,21.8,16.1,461,3.0,18.3,11.4,193.0,2,0
2026-03-15 03:00:00,3.6,61,4.1,75,0.0,905.2,40200.0,-3.2,6.1,97,22.5,16.1,462,2.9,20.0,13.3,199.0,3,0
2026-03-15 04:00:00,3.8,61,3.6,96,0.0,904.7,40160.0,-3.0,5.8,86,24.1,18.2,467,3.1,24.4,14.1,213.0,4,0
2026-03-15 05:00:00,4.0,63,3.1,111,0.0,905.1,39740.0,-2.4,5.7,64,30.7,20.1,474,2.8,27.6,20.0,231.0,5,0
2026-03-15 06:00:00,5.9,55,1.9,68,0.0,905.3,40720.0,-2.5,5.7,65,27.7,18.3,477,2.4,19.9,22.1,242.0,6,0
2026-03-15 07:00:00,8.7,39,4.8,27,0.0,905.9,42860.0,-4.5,7.1,62,21.0,15.5,471,1.8,12.4,14.6,189.0,7,2
2026-03-15 08:00:00,10.8,38,6.6,22,0.0,905.9,43040.0,-3.0,8.7,57,20.0,14.1,460,1.4,6.9,8.3,176.0,8,2
2026-03-15 09:00:00,13.3,37,5.0,30,0.0,905.7,43180.0,-1.1,10.7,15,19.7,12.7,452,0.9,5.4,5.6,160.0,9,2
2026-03-15 10:00:00,14.6,34,3.2,360,0.0,905.4,43760.0,-1.1,11.9,93,19.4,12.7,449,0.7,4.7,4.6,155.0,10,1
2026-03-15 11:00:00,15.4,32,4.6,342,0.0,905.0,44820.0,-1.2,13.1,97,22.4,13.6,449,0.6,4.9,4.5,160.0,11,1
2026-03-15 12:00:00,14.8,34,7.9,16,0.0,904.5,44460.0,-0.9,12.7,89,21.1,13.9,450,0.6,5.4,4.7,164.0,12,1
2026-03-15 13:00:00,14.4,36,8.7,24,0.0,904.8,43980.0,-0.5,12.8,93,19.6,14.0,449,0.8,5.9,4.5,169.0,13,1
2026-03-15 14:00:00,14.0,36,4.8,27,0.0,904.7,44280.0,-0.9,12.8,99,25.4,14.6,449,0.9,8.4,4.7,181.0,14,1
2026-03-15 15:00:00,13.7,39,4.1,15,0.0,905.0,43440.0,-0.0,12.8,95,41.8,22.4,454,1.3,10.1,5.2,202.0,15,1
2026-03-15 16:00:00,13.1,43,2.8,320,0.0,905.2,42940.0,0.8,12.7,98,48.9,28.7,467,1.7,20.8,9.6,266.0,16,1
2026-03-15 17:00:00,12.0,49,4.0,275,0.0,905.5,41720.0,1.6,12.3,92,57.6,38.9,485,2.5,36.3,15.3,362.0,17,2
2026-03-15 18:00:00,10.7,56,4.8,257,0.0,906.0,40880.0,2.3,11.1,92,64.6,50.3,499,3.6,36.1,21.5,388.0,18,2
2026-03-15 19:00:00,9.3,61,4.0,243,0.0,906.9,40160.0,2.2,10.2,96,61.0,48.9,506,3.7,51.1,21.3,414.0,19,2
2026-03-15 20:00:00,8.7,63,3.5,204,0.0,907.5,39640.0,2.0,9.3,100,57.0,45.0,510,4.0,55.1,27.8,537.0,20,0
2026-03-15 21:00:00,8.9,65,3.6,225,0.0,907.6,39540.0,2.7,9.4,100,65.3,43.4,510,3.7,56.7,33.6,616.0,21,0
2026-03-15 22:00:00,7.6,68,5.1,231,0.0,907.5,38100.0,2.1,8.5,100,64.6,42.1,507,3.6,56.6,30.9,604.0,22,0
2026-03-15 23:00:00,7.0,67,4.8,222,0.0,908.0,38440.0,1.3,7.7,88,59.6,41.8,501,3.1,50.6,18.4,547.0,23,0
2026-03-16 00:00:00,6.1,65,4.1,218,0.0,908.4,39320.0,-0.0,6.9,87,62.2,48.2,493,3.1,43.6,22.5,504.0,0,0
2026-03-16 01:00:00,5.7,64,4.0,207,0.0,908.5,39740.0,-0.6,6.4,92,58.8,47.2,483,2.8,37.6,14.9,421.0,1,0
2026-03-16 02:00:00,5.6,60,3.4,212,0.0,909.1,40280.0,-1.5,6.0,92,62.7,51.7,471,1.9,32.9,19.0,332.0,2,0
2026-03-16 03:00:00,5.6,60,3.6,217,0.0,909.5,40380.0,-1.6,5.8,93,59.7,50.8,463,2.5,28.9,20.9,323.0,3,0
2026-03-16 04:00:00,5.2,62,3.3,229,0.0,910.1,40160.0,-1.5,5.5,85,59.9,51.1,461,2.6,36.2,25.4,348.0,4,0
2026-03-16 05:00:00,5.2,66,3.6,233,0.0,911.0,38940.0,-0.7,5.1,75,49.7,43.0,461,2.0,41.7,37.3,354.0,5,0
2026-03-16 06:00:00,5.5,64,6.3,246,0.0,911.9,38400.0,-0.8,4.2,12,41.5,33.2,462,2.0,32.8,25.4,280.0,6,0
2026-03-16 07:00:00,6.7,58,7.7,259,0.0,912.6,39620.0,-1.0,4.8,2,39.1,30.8,461,1.7,28.3,24.1,232.0,7,2
2026-03-16 08:00:00,8.1,53,8.0,260,0.0,912.8,40420.0,-0.9,5.8,1,36.5,29.1,460,1.9,19.2,19.8,218.0,8,2
2026-03-16 09:00:00,9.6,49,9.0,265,0.0,913.3,40840.0,-0.6,7.0,1,34.1,29.0,459,1.9,16.0,16.5,199.0,9,2
2026-03-16 10:00:00,11.1,42,10.1,270,0.0,912.9,41880.0,-1.4,8.3,0,32.2,25.9,457,1.7,12.7,11.8,189.0,10,1
2026-03-16 11:00:00,12.1,37,11.2,270,0.0,912.5,42980.0,-2.1,9.3,12,28.2,23.8,454,1.5,9.9,9.6,181.0,11,1
2026-03-16 12:00:00,12.8,33,11.5,274,0.0,912.0,44600.0,-3.1,10.2,7,28.7,21.2,452,1.1,9.0,8.5,168.0,12,1
2026-03-16 13:00:00,13.1,30,11.9,272,0.0,912.3,45920.0,-4.1,10.8,3,23.1,18.2,451,1.0,8.4,7.7,169.0,13,1
2026-03-16 14:00:00,12.9,31,11.5,270,0.0,912.2,46100.0,-3.8,11.1,3,21.3,16.5,450,1.2,11.0,7.5,175.0,14,1
2026-03-16 15:00:00,12.5,30,10.6,260,0.0,912.2,46800.0,-4.6,11.3,9,25.8,18.9,453,1.6,19.9,9.4,210.0,15,1
2026-03-16 16:00:00,11.2,34,7.6,265,0.0,912.1,45680.0,-4.1,10.9,0,44.2,32.1,461,2.1,43.8,15.2,335.0,16,1
2026-03-16 17:00:00,9.7,36,3.8,253,0.0,912.6,45240.0,-4.6,10.4,0,65.9,46.3,473,2.8,76.4,35.0,570.0,17,2
2026-03-16 18:00:00,8.4,40,3.1,225,0.0,913.9,44220.0,-4.5,9.8,0,80.3,57.2,485,3.5,79.8,47.0,716.0,18,2
2026-03-16 19:00:00,7.4,42,3.6,186,0.0,914.1,43700.0,-4.7,9.3,0,102.0,79.8,497,3.9,83.4,56.1,829.0,19,2
2026-03-16 20:00:00,5.8,50,3.6,135,0.0,914.5,41700.0,-3.8,8.4,3,113.1,75.0,509,4.8,83.6,61.6,965.0,20,0
2026-03-16 21:00:00,4.1,59,3.9,112,0.0,914.7,40480.0,-3.2,7.7,5,115.4,78.8,519,5.3,78.6,66.2,983.0,21,0
2026-03-16 22:00:00,3.0,66,3.5,114,0.0,914.6,39180.0,-2.8,7.1,0,81.8,65.1,524,5.0,74.2,59.1,888.0,22,0
2026-03-16 23:00:00,2.0,73,3.3,103,0.0,914.5,36140.0,-2.3,6.4,0,70.1,53.5,527,4.8,63.8,46.4,792.0,23,0
2026-03-17 00:00:00,2.0,76,3.0,104,0.0,914.8,35100.0,-1.8,5.7,0,66.7,50.1,528,4.1,51.3,40.9,668.0,0,0
2026-03-17 01:00:00,1.5,79,3.1,111,0.0,914.8,32840.0,-1.7,5.2,0,68.6,56.1,527,4.1,53.2,36.7,524.0,1,0
2026-03-17 02:00:00,1.2,82,3.1,111,0.0,914.9,30840.0,-1.6,4.6,0,63.0,48.0,524,4.5,42.3,34.5,469.0,2,0
2026-03-17 03:00:00,0.4,84,3.3,103,0.0,915.1,28160.0,-2.0,4.4,0,61.4,45.7,523,4.7,39.0,31.4,436.0,3,0
2026-03-17 04:00:00,-0.1,88,3.3,103,0.0,914.6,23520.0,-1.8,4.1,0,61.8,46.2,526,5.6,43.3,36.3,427.0,4,0
2026-03-17 05:00:00,0.2,88,3.0,104,0.0,915.0,22280.0,-1.6,3.8,0,63.6,49.4,531,5.4,48.7,47.0,439.0,5,0
2026-03-17 06:00:00,3.4,74,0.8,63,0.0,915.6,34280.0,-0.8,3.8,0,61.6,45.9,528,3.7,43.2,46.5,402.0,6,0
2026-03-17 07:00:00,6.6,56,2.1,329,0.0,916.2,40180.0,-1.5,5.0,0,51.2,39.8,512,3.2,39.3,37.6,330.0,7,2
2026-03-17 08:00:00,9.0,50,2.9,300,0.0,916.1,40960.0,-0.9,7.0,0,48.0,37.9,488,2.4,34.4,34.1,296.0,8,2
2026-03-17 09:00:00,11.0,41,5.2,295,0.0,915.6,42200.0,-1.8,8.5,0,42.8,31.3,469,1.8,29.4,24.9,264.0,9,2
2026-03-17 10:00:00,12.6,36,5.6,297,0.0,915.2,43440.0,-2.1,10.0,0,39.7,27.4,459,1.1,22.1,19.6,234.0,10,1
2026-03-17 11:00:00,13.8,35,6.6,299,0.0,914.7,43940.0,-1.4,11.2,9,36.3,24.2,454,1.0,17.3,14.7,214.0,11,1
2026-03-17 12:00:00,14.6,34,7.1,300,0.0,914.3,44040.0,-1.1,12.1,7,34.6,22.8,452,0.9,15.5,12.1,207.0,12,1
2026-03-17 13:00:00,14.9,33,7.1,311,0.0,914.0,44600.0,-1.3,12.7,10,32.8,21.9,451,1.1,15.4,10.5,206.0,13,1
2026-03-17 14:00:00,14.7,33,7.9,317,0.0,913.5,45160.0,-1.4,13.0,4,30.9,22.2,453,1.2,18.7,11.2,213.0,14,1
2026-03-17 15:00:00,14.5,32,6.9,321,0.0,913.1,46100.0,-2.0,13.5,0,35.3,26.1,458,1.3,27.2,14.3,266.0,15,1
2026-03-17 16:00:00,13.2,36,2.8,320,0.0,912.8,45480.0,-1.6,13.2,0,49.1,40.0,470,1.8,52.9,21.6,364.0,16,1
2026-03-17 17:00:00,12.3,38,1.3,146,0.0,913.0,45300.0,-1.6,13.1,0,64.2,47.3,484,2.8,70.8,32.2,550.0,17,2
2026-03-17 18:00:00,10.7,40,3.3,96,0.0,913.6,44340.0,-2.4,12.9,0,67.3,51.2,492,3.6,66.4,31.4,548.0,18,2
2026-03-17 19:00:00,7.8,57,5.1,98,0.0,913.9,40820.0,-0.2,12.2,27,65.5,47.1,487,3.9,72.3,36.9,575.0,19,2
2026-03-17 20:00:00,6.6,67,5.1,86,0.0,914.3,39020.0,0.9,11.4,100,59.3,45.2,474,3.7,62.7,29.5,472.0,20,0
2026-03-17 21:00:00,5.9,69,4.9,73,0.0,913.6,38260.0,0.6,10.8,92,47.3,36.5,465,3.3,42.0,19.8,360.0,21,0
2026-03-17 22:00:00,5.4,70,4.8,77,0.0,912.9,37980.0,0.3,10.1,100,36.7,26.7,462,3.0,28.8,11.3,293.0,22,0
2026-03-17 23:00:00,5.1,70,4.4,81,0.0,912.4,38120.0,0.1,9.7,100,28.6,22.5,462,2.9,21.2,9.5,243.0,23,0
2026-03-18 00:00:00,5.0,70,4.7,67,0.0,913.0,37800.0,0.0,9.6,85,27.6,21.1,462,3.0,16.9,8.6,214.0,0,0
2026-03-18 01:00:00,5.1,71,4.1,75,0.0,913.2,37760.0,0.3,9.2,92,25.4,20.0,461,3.0,15.7,8.4,206.0,1,0
2026-03-18 02:00:00,5.2,73,4.2,70,0.0,913.3,36940.0,0.8,8.9,84,24.2,19.0,461,3.0,15.0,9.0,200.0,2,0
2026-03-18 03:00:00,6.6,65,5.6,50,0.0,913.3,39440.0,0.5,9.1,78,24.5,18.7,462,2.9,15.5,9.8,197.0,3,0
2026-03-18 04:00:00,6.9,62,4.8,42,0.0,912.9,40100.0,0.1,8.7,85,26.5,19.8,467,2.9,19.6,13.4,210.0,4,0
2026-03-18 05:00:00,7.2,62,3.6,53,0.0,913.1,40120.0,0.4,8.7,67,28.3,22.0,475,2.9,27.7,18.4,234.0,5,0
2026-03-18 06:00:00,8.9,56,4.6,18,0.0,913.4,40720.0,0.6,8.8,73,27.0,22.4,477,2.7,34.6,18.6,256.0,6,0
2026-03-18 07:00:00,11.2,47,6.2,21,0.0,914.2,41600.0,0.3,9.8,89,26.0,21.0,470,2.5,21.4,14.6,196.0,7,2
2026-03-18 08:00:00,13.6,41,7.2,37,0.0,914.1,42400.0,0.6,11.9,100,24.0,17.6,458,2.4,12.8,9.9,172.0,8,2
2026-03-18 09:00:00,14.6,41,5.6,50,0.0,914.0,42360.0,1.5,12.7,100,19.8,14.6,449,2.0,9.5,6.9,160.0,9,2
2026-03-18 10:00:00,16.0,34,7.9,141,0.0,913.3,44580.0,0.2,13.9,100,17.9,11.5,447,1.7,7.4,6.0,158.0,10,1
2026-03-18 11:00:00,16.6,27,12.0,141,0.0,913.1,48200.0,-2.5,14.3,100,19.0,12.3,447,1.6,7.7,5.1,152.0,11,1
2026-03-18 12:00:00,16.5,24,10.4,136,0.0,912.8,50740.0,-4.1,14.4,100,19.8,14.4,449,1.6,7.6,5.0,152.0,12,1
2026-03-18 13:00:00,16.3,26,11.5,129,0.0,912.2,49800.0,-3.2,14.5,100,20.5,15.6,451,1.7,8.1,4.9,154.0,13,1
2026-03-18 14:00:00,15.6,33,11.3,112,0.0,911.6,45580.0,-0.6,14.2,100,22.3,18.0,455,1.8,11.0,5.9,170.0,14,1
2026-03-18 15:00:00,14.7,40,10.6,100,0.0,911.3,43240.0,1.3,13.8,100,27.5,21.2,459,2.3,20.4,8.6,213.0,15,1
2026-03-18 16:00:00,13.7,43,7.6,82,0.0,910.7,42860.0,1.3,13.4,100,34.3,26.7,466,2.9,30.9,13.4,304.0,16,1
2026-03-18 17:00:00,12.8,50,6.0,57,0.0,910.7,41680.0,2.6,12.8,100,48.3,36.8,474,3.4,49.0,19.7,388.0,17,2
2026-03-18 18:00:00,11.9,54,5.1,45,0.0,910.8,41100.0,2.9,12.7,100,51.1,39.3,479,3.8,49.0,21.0,412.0,18,2
2026-03-18 19:00:00,11.0,59,4.8,48,0.0,910.5,40580.0,3.3,12.1,76,50.2,38.2,479,3.7,51.7,25.4,435.0,19,2
2026-03-18 20:00:00,10.1,62,4.2,59,0.0,910.6,40120.0,3.1,11.7,100,48.7,38.1,476,3.7,45.7,25.4,425.0,20,0
2026-03-18 21:00:00,9.8,61,4.4,55,0.0,909.9,40300.0,2.6,11.2,100,43.0,32.5,474,3.4,36.2,18.6,354.0,21,0
2026-03-18 22:00:00,9.3,65,4.1,75,0.0,909.3,39540.0,3.0,10.8,100,37.2,30.6,474,3.2,27.2,13.5,276.0,22,0
2026-03-18 23:00:00,8.6,70,4.3,95,0.0,909.2,37960.0,3.4,10.6,100,34.0,27.7,475,3.0,25.4,12.7,251.0,23,0
2026-03-19 00:00:00,8.6,72,4.0,63,0.0,908.4,37440.0,3.9,10.8,100,31.7,23.0,474,3.0,19.6,11.7,201.0,0,0
2026-03-19 01:00:00,8.6,73,2.9,83,0.0,908.1,37380.0,4.0,10.4,100,29.1,19.1,471,3.1,16.3,13.0,195.0,1,0
2026-03-19 02:00:00,8.3,79,2.7,67,0.1,907.7,33680.0,4.8,9.8,100,26.0,19.7,467,2.9,12.5,10.6,189.0,2,0
2026-03-19 03:00:00,8.7,74,3.6,37,0.2,907.4,36860.0,4.3,9.6,100,26.6,20.5,464,2.5,11.5,10.1,198.0,3,0
2026-03-19 04:00:00,8.7,74,2.6,56,0.3,907.4,37020.0,4.3,9.4,100,27.9,21.4,465,2.2,15.6,9.5,202.0,4,0
2026-03-19 05:00:00,8.5,79,1.9,22,0.8,907.2,17360.0,5.0,8.8,100,29.5,22.5,468,1.8,16.9,11.0,227.0,5,0
2026-03-19 06:00:00,9.1,74,5.0,360,0.5,907.1,23420.0,4.7,8.7,100,28.6,23.1,468,1.3,19.8,11.7,203.0,6,0
2026-03-19 07:00:00,9.2,77,7.8,22,0.7,906.9,16660.0,5.4,8.5,100,25.6,21.7,463,1.0,15.5,10.4,185.0,7,2
2026-03-19 08:00:00,9.6,76,9.9,44,0.8,906.5,16280.0,5.6,8.7,100,18.3,13.1,457,0.7,10.7,5.8,172.0,8,2
2026-03-19 09:00:00,9.5,73,14.0,48,0.8,905.9,15600.0,4.9,8.4,100,15.8,11.9,452,0.6,7.4,5.1,160.0,9,2
2026-03-19 10:00:00,9.7,71,15.3,51,0.7,905.2,22300.0,4.7,8.6,100,13.1,9.9,451,0.6,8.2,4.9,154.0,10,1
2026-03-19 11:00:00,9.3,74,14.4,37,0.9,904.5,14600.0,4.9,8.2,100,13.9,10.0,453,0.6,8.8,4.6,157.0,11,1
2026-03-19 12:00:00,9.6,72,13.6,40,0.7,905.1,36580.0,4.8,8.5,100,16.0,10.7,454,0.7,8.5,4.4,161.0,12,1
2026-03-19 13:00:00,9.5,76,12.3,32,0.5,904.3,22500.0,5.5,8.5,100,17.6,11.9,454,1.1,10.2,4.9,170.0,13,1
2026-03-19 14:00:00,9.2,81,12.3,32,1.2,904.0,12880.0,6.1,8.4,100,20.7,13.1,454,1.3,14.1,5.9,186.0,14,1
2026-03-19 15:00:00,8.9,85,11.6,22,1.0,903.6,21800.0,6.5,8.2,100,31.6,17.3,456,1.5,18.0,6.7,208.0,15,1
2026-03-19 16:00:00,8.7,85,10.8,26,0.5,903.1,27340.0,6.3,8.1,100,35.7,28.7,459,1.6,32.0,11.5,269.0,16,1
2026-03-19 17:00:00,8.6,85,9.0,37,0.2,903.0,27720.0,6.2,8.1,100,44.8,35.2,463,1.2,42.2,12.6,310.0,17,2
2026-03-19 18:00:00,8.2,86,8.4,25,0.4,903.0,26040.0,6.0,7.7,100,49.8,39.7,470,1.1,43.5,14.8,358.0,18,2
2026-03-19 19:00:00,8.1,86,7.9,24,0.2,903.1,26520.0,5.9,7.6,100,50.1,40.3,483,1.4,39.9,16.5,365.0,19,2
2026-03-19 20:00:00,8.0,85,7.1,30,0.3,903.1,27800.0,5.7,7.6,100,49.9,40.6,497,0.7,41.6,18.1,413.0,20,0
2026-03-19 21:00:00,7.9,86,6.4,27,0.5,902.3,26500.0,5.7,7.5,100,46.2,38.5,504,0.7,42.5,18.3,398.0,21,0
2026-03-19 22:00:00,7.8,86,5.8,30,0.5,902.2,26740.0,5.6,7.4,100,27.8,23.1,495,0.7,30.6,12.2,329.0,22,0
2026-03-19 23:00:00,7.7,86,5.0,30,0.6,901.3,26380.0,5.5,7.4,100,25.8,20.2,479,0.7,27.3,10.5,302.0,23,0
2026-03-20 00:00:00,7.2,88,4.6,18,0.5,901.0,24080.0,5.4,6.8,100,23.5,18.5,466,0.7,22.9,9.6,276.0,0,0
2026-03-20 01:00:00,7.2,88,3.3,13,0.5,900.6,23920.0,5.3,6.7,100,18.1,16.8,462,0.4,20.8,6.8,225.0,1,0
2026-03-20 02:00:00,7.0,90,1.1,342,0.7,900.8,21340.0,5.4,6.5,100,15.6,13.3,461,0.3,18.6,7.8,212.0,2,0
2026-03-20 03:00:00,6.8,94,2.7,293,1.0,900.4,13200.0,5.9,6.4,100,15.1,12.1,461,0.2,19.1,7.8,217.0,3,0
2026-03-20 04:00:00,6.6,94,4.3,270,1.1,900.6,11520.0,5.7,6.0,100,15.3,12.4,461,0.3,20.3,9.9,215.0,4,0
2026-03-20 05:00:00,6.2,94,7.0,258,1.1,901.0,4960.0,5.3,5.3,100,14.6,12.3,462,0.3,27.3,13.2,224.0,5,0
2026-03-20 06:00:00,5.6,93,7.7,259,1.1,901.6,9240.0,4.6,4.6,100,18.3,15.1,463,0.3,32.8,15.7,250.0,6,0
2026-03-20 07:00:00,5.3,92,6.9,261,1.0,901.9,16500.0,4.1,4.2,100,21.0,17.6,463,0.3,31.4,16.1,259.0,7,2
2026-03-20 08:00:00,5.4,90,7.6,265,0.7,902.3,18760.0,3.9,4.2,100,23.6,19.6,464,0.4,30.8,15.5,262.0,8,2
2026-03-20 09:00:00,5.7,90,7.6,267,0.4,902.6,19660.0,4.2,4.3,100,23.9,18.9,464,0.6,29.6,13.8,258.0,9,2
2026-03-20 10:00:00,6.0,87,7.2,273,0.3,902.7,22060.0,4.0,4.5,99,23.3,17.9,464,0.7,26.3,12.9,259.0,10,1
2026-03-20 11:00:00,6.6,83,6.5,270,0.1,902.3,26340.0,3.9,5.0,100,22.5,16.4,463,0.9,22.7,12.6,256.0,11,1
2026-03-20 12:00:00,6.8,85,5.5,281,0.0,902.4,24420.0,4.4,5.3,95,25.1,18.3,463,0.9,21.7,12.2,258.0,12,1
2026-03-20 13:00:00,6.9,82,6.5,270,0.0,902.2,27360.0,4.0,5.5,95,22.8,16.8,461,0.9,22.5,11.6,267.0,13,1
2026-03-20 14:00:00,7.0,81,6.1,270,0.0,902.3,28980.0,4.0,5.8,93,24.4,17.5,460,1.0,26.6,11.9,290.0,14,1
2026-03-20 15:00:00,6.6,83,5.4,290,0.0,902.1,26880.0,3.9,5.4,99,27.2,19.2,465,1.0,34.3,13.9,340.0,15,1
2026-03-20 16:00:00,6.4,84,3.7,299,0.0,902.0,26860.0,3.9,5.5,90,35.4,28.0,481,1.2,48.5,19.2,404.0,16,1
2026-03-20 17:00:00,6.1,86,2.1,239,0.0,902.1,25540.0,4.0,5.3,93,62.7,48.6,504,2.1,66.1,28.5,579.0,17,2
2026-03-20 18:00:00,6.1,87,3.3,221,0.0,902.8,24800.0,4.1,5.4,96,70.4,56.2,522,2.5,65.3,34.8,637.0,18,2
2026-03-20 19:00:00,6.0,88,2.2,261,0.0,902.7,22920.0,4.1,5.2,98,71.6,56.7,532,2.7,60.3,29.2,526.0,19,2
2026-03-20 20:00:00,6.0,89,0.5,225,0.0,902.7,22060.0,4.3,5.3,94,71.1,58.4,537,2.8,50.3,31.0,542.0,20,0
2026-03-20 21:00:00,5.9,89,1.6,207,0.0,902.2,22380.0,4.3,5.4,85,60.3,50.6,538,3.3,46.4,29.1,604.0,21,0
2026-03-20 22:00:00,5.9,89,1.4,270,0.0,902.2,22780.0,4.3,5.6,100,48.9,40.6,537,2.8,39.2,19.5,489.0,22,0
2026-03-20 23:00:00,6.0,87,0.8,333,0.0,901.6,25820.0,4.0,5.7,100,37.2,32.7,532,2.4,33.0,12.8,377.0,23,0
2026-03-21 00:00:00,5.6,81,2.5,8,0.1,901.1,32160.0,2.6,5.4,97,27.4,24.4,522,1.6,23.1,9.2,310.0,0,0
2026-03-21 01:00:00,5.5,80,3.1,21,0.1,900.8,32680.0,2.3,5.3,91,22.8,20.4,503,1.3,18.9,5.9,240.0,1,0
2026-03-21 02:00:00,5.3,81,2.1,31,0.0,900.6,32400.0,2.3,5.1,96,17.8,16.0,479,1.4,18.5,4.9,214.0,2,0
2026-03-21 03:00:00,5.4,83,4.3,24,0.2,900.8,30840.0,2.7,5.1,100,16.8,14.5,461,1.2,18.2,5.3,210.0,3,0
2026-03-21 04:00:00,5.3,86,3.2,27,1.4,901.1,20580.0,3.2,4.9,100,16.8,14.2,456,0.6,15.2,7.6,212.0,4,0
2026-03-21 05:00:00,5.5,85,5.2,16,0.8,901.6,22720.0,3.2,4.9,100,18.6,13.7,458,1.0,17.1,7.7,184.0,5,0
2026-03-21 06:00:00,6.3,85,9.5,25,0.4,901.5,28340.0,3.9,5.4,99,18.0,12.6,459,0.9,14.9,7.9,169.0,6,0
2026-03-21 07:00:00,6.7,82,12.7,35,0.2,901.8,29760.0,3.9,5.6,95,13.7,9.3,456,1.1,7.9,5.8,165.0,7,2
2026-03-21 08:00:00,8.4,75,10.9,34,0.0,901.9,34720.0,4.3,7.1,89,12.5,8.7,452,1.1,4.7,4.5,157.0,8,2
2026-03-21 09:00:00,9.8,71,11.4,72,0.2,902.1,36260.0,4.8,8.2,93,11.5,9.6,450,1.0,6.1,3.6,154.0,9,2
2026-03-21 10:00:00,10.8,67,9.9,71,0.3,902.2,38040.0,4.9,9.0,100,12.1,8.9,450,0.9,5.9,3.5,153.0,10,1
2026-03-21 11:00:00,11.2,64,11.5,88,0.1,902.1,38840.0,4.7,9.5,100,12.1,8.8,451,1.0,5.6,3.4,156.0,11,1
2026-03-21 12:00:00,11.6,63,9.8,84,0.1,902.0,39200.0,4.8,9.9,100,13.8,9.9,453,1.1,7.0,3.5,160.0,12,1
2026-03-21 13:00:00,11.6,63,7.3,70,0.1,901.8,39420.0,4.8,10.2,100,16.3,11.5,453,0.8,8.2,3.3,165.0,13,1
2026-03-21 14:00:00,10.9,69,8.0,63,0.7,901.9,37700.0,5.5,9.7,100,22.3,13.6,454,0.8,8.9,3.9,171.0,14,1
2026-03-21 15:00:00,10.0,75,5.1,86,1.0,902.4,35120.0,5.8,9.0,100,25.9,14.8,457,0.8,14.2,5.8,188.0,15,1
2026-03-21 16:00:00,9.0,82,1.8,79,0.8,903.2,30440.0,6.1,8.2,100,31.4,24.9,466,0.8,27.4,10.2,272.0,16,1
2026-03-21 17:00:00,8.4,87,2.1,329,0.4,904.0,26040.0,6.3,7.8,97,45.0,35.1,478,0.9,40.5,14.8,362.0,17,2
2026-03-21 18:00:00,7.9,88,2.3,321,0.0,904.7,24100.0,6.1,7.6,56,47.6,40.8,487,1.0,45.0,16.6,405.0,18,2
2026-03-21 19:00:00,7.5,89,0.8,333,0.0,905.1,23000.0,5.8,7.5,61,50.0,40.9,490,1.1,42.2,18.1,392.0,19,2
2026-03-21 20:00:00,7.2,90,1.0,135,0.0,905.3,22040.0,5.6,7.3,82,59.8,39.2,490,1.6,39.2,18.0,367.0,20,0
2026-03-21 21:00:00,6.6,91,1.1,108,0.0,905.2,21160.0,5.2,6.8,73,55.9,45.6,491,2.3,38.4,16.8,340.0,21,0
2026-03-21 22:00:00,6.3,93,1.4,180,0.0,905.3,16760.0,5.2,6.6,95,51.7,43.6,496,2.5,42.8,15.6,318.0,22,0
2026-03-21 23:00:00,5.9,95,1.8,180,0.0,905.4,13260.0,5.2,6.0,100,48.3,38.2,501,1.8,39.9,14.2,293.0,23,0
2026-03-22 00:00:00,5.8,96,1.1,162,0.0,906.2,11140.0,5.2,5.7,83,46.8,39.4,503,1.2,36.7,13.6,279.0,0,0
2026-03-22 01:00:00,5.7,96,1.5,194,0.0,906.3,8020.0,5.1,5.5,99,44.5,36.7,498,2.1,33.5,17.7,269.0,1,0
2026-03-22 02:00:00,5.5,97,1.5,225,0.0,906.4,6060.0,5.1,5.2,100,39.3,33.0,490,1.2,41.7,13.3,350.0,2,0
2026-03-22 03:00:00,5.3,98,1.6,243,0.0,906.8,4560.0,5.0,5.0,100,39.8,35.4,485,0.9,30.4,12.7,382.0,3,0
2026-03-22 04:00:00,5.2,98,1.5,194,0.0,906.9,3400.0,4.9,5.0,100,38.6,34.4,487,1.5,28.8,16.9,324.0,4,0
2026-03-22 05:00:00,5.4,98,2.0,225,0.0,907.4,1440.0,5.1,5.0,100,33.2,29.0,492,1.5,31.6,21.6,290.0,5,0
2026-03-22 06:00:00,6.7,90,1.0,315,0.1,907.7,18440.0,5.2,5.7,100,31.9,23.7,492,1.1,28.4,18.6,242.0,6,0
2026-03-22 07:00:00,7.8,84,2.2,279,0.1,908.1,27140.0,5.2,6.6,100,30.0,18.9,482,1.1,19.7,15.1,185.0,7,2
2026-03-22 08:00:00,8.2,84,2.9,263,0.2,908.4,26400.0,5.6,6.9,100,25.1,17.9,467,1.0,15.1,11.7,183.0,8,2
2026-03-22 09:00:00,9.0,81,1.5,225,0.9,908.3,29520.0,5.9,7.5,100,22.2,16.8,456,0.7,12.9,11.6,183.0,9,2
2026-03-22 10:00:00,9.8,74,1.5,284,0.5,908.2,34120.0,5.4,8.1,100,18.5,13.6,453,0.6,16.4,11.5,195.0,10,1
2026-03-22 11:00:00,10.2,72,1.5,284,0.5,907.6,35960.0,5.4,8.6,100,15.9,11.7,453,0.4,17.0,10.1,209.0,11,1
2026-03-22 12:00:00,10.7,68,2.9,270,0.5,907.9,37260.0,5.0,8.9,100,16.5,11.5,455,0.4,15.7,8.4,214.0,12,1
2026-03-22 13:00:00,10.3,72,3.7,281,0.5,907.8,36080.0,5.5,8.9,100,16.8,12.1,456,0.7,18.0,8.1,226.0,13,1
2026-03-22 14:00:00,10.0,74,4.4,279,0.3,907.4,35280.0,5.6,8.7,100,22.0,16.2,457,1.0,16.8,7.8,223.0,14,1
2026-03-22 15:00:00,9.4,78,4.3,275,0.0,907.7,32560.0,5.7,8.3,100,27.5,17.9,464,1.2,18.8,7.2,242.0,15,1
2026-03-22 16:00:00,8.7,84,2.9,277,0.4,907.8,28360.0,6.2,7.9,100,38.5,27.9,480,1.8,26.6,11.1,288.0,16,1
2026-03-22 17:00:00,8.1,89,2.3,231,0.7,908.1,22640.0,6.4,7.4,100,53.2,38.3,502,1.7,41.4,16.6,375.0,17,2
2026-03-22 18:00:00,7.7,91,2.0,225,0.0,908.9,19900.0,6.4,7.2,100,57.4,46.0,519,2.2,49.8,21.7,460.0,18,2
2026-03-22 19:00:00,7.2,94,1.5,225,0.0,908.9,15800.0,6.3,7.2,100,69.3,47.3,531,2.4,49.7,22.9,497.0,19,2
2026-03-22 20:00:00,6.7,95,1.3,214,0.0,909.0,12740.0,6.0,7.0,66,76.9,44.8,538,2.0,47.5,25.2,505.0,20,0
2026-03-22 21:00:00,6.8,94,2.2,180,0.0,908.8,14760.0,5.9,7.3,84,67.8,38.2,539,1.8,45.6,22.1,442.0,21,0
2026-03-22 22:00:00,6.0,97,3.2,153,0.0,909.0,9460.0,5.6,7.0,79,56.2,32.9,528,1.9,42.6,17.4,400.0,22,0
2026-03-22 23:00:00,5.4,99,3.3,139,0.0,909.0,4180.0,5.2,6.8,93,46.0,31.0,511,2.2,36.0,13.6,360.0,23,0
2026-03-23 00:00:00,5.0,97,2.9,120,0.0,909.4,8480.0,4.6,6.6,81,35.7,25.3,497,2.9,30.1,14.8,282.0,0,0
2026-03-23 01:00:00,4.8,97,3.1,111,0.0,909.3,8600.0,4.4,6.5,91,36.4,26.7,493,2.9,36.4,24.9,319.0,1,0
2026-03-23 02:00:00,4.7,96,2.7,113,0.0,909.5,9640.0,4.1,6.3,92,46.3,35.9,492,1.9,36.9,30.0,410.0,2,0
2026-03-23 03:00:00,5.0,95,2.3,129,0.0,909.2,12260.0,4.2,6.4,92,52.1,40.9,491,1.2,39.2,26.6,446.0,3,0
2026-03-23 04:00:00,5.0,95,2.3,108,0.0,909.2,12680.0,4.2,6.1,94,45.3,37.0,488,1.0,45.0,27.2,346.0,4,0
2026-03-23 05:00:00,5.5,94,1.9,112,0.0,909.4,14940.0,4.6,6.0,94,46.3,37.5,484,1.0,40.5,34.7,329.0,5,0
2026-03-23 06:00:00,7.1,90,1.5,256,0.0,910.1,18620.0,5.6,6.2,89,45.7,37.1,480,1.0,41.5,37.8,333.0,6,0
2026-03-23 07:00:00,8.6,80,2.3,252,0.1,910.5,29620.0,5.3,7.2,97,48.1,39.0,474,0.8,43.1,35.3,342.0,7,2
2026-03-23 08:00:00,9.5,77,3.0,256,0.4,910.3,31300.0,5.7,7.7,100,34.6,26.9,467,0.5,40.9,27.7,307.0,8,2
2026-03-23 09:00:00,10.2,71,3.6,264,0.3,910.3,35920.0,5.2,8.3,100,30.2,19.8,461,0.4,29.6,21.0,275.0,9,2
2026-03-23 10:00:00,10.6,68,3.7,259,0.3,910.0,37320.0,5.0,8.8,100,28.8,17.6,457,0.4,22.9,16.6,268.0,10,1
2026-03-23 11:00:00,10.9,68,5.6,255,0.4,909.8,37120.0,5.2,9.0,100,18.2,16.4,454,0.8,19.5,9.9,227.0,11,1
2026-03-23 12:00:00,11.6,61,5.4,262,0.3,909.8,39520.0,4.3,9.7,100,17.3,15.7,453,0.7,22.7,9.8,250.0,12,1
2026-03-23 13:00:00,11.4,61,4.0,275,0.1,909.7,39500.0,4.2,9.6,100,18.9,16.0,454,0.7,22.9,8.5,245.0,13,1
2026-03-23 14:00:00,11.2,60,1.1,270,0.1,909.6,39960.0,3.7,9.7,100,26.7,17.8,456,0.8,26.6,8.9,255.0,14,1
2026-03-23 15:00:00,10.6,68,2.2,99,0.0,909.6,38080.0,5.0,9.4,100,34.7,23.0,460,0.9,33.6,14.1,304.0,15,1
2026-03-23 16:00:00,9.8,73,4.3,85,0.4,909.8,36060.0,5.2,8.9,100,48.2,39.9,467,1.3,52.8,20.1,436.0,16,1
2026-03-23 17:00:00,8.9,80,2.0,45,0.3,910.3,32760.0,5.7,8.3,100,67.2,55.0,474,1.8,78.0,35.3,653.0,17,2
2026-03-23 18:00:00,8.2,84,2.3,342,0.0,910.9,28900.0,5.7,7.8,100,79.0,55.5,479,2.0,78.9,38.6,710.0,18,2
2026-03-23 19:00:00,7.6,88,1.5,45,0.0,911.1,24660.0,5.8,7.7,100,90.4,68.6,477,1.2,82.3,44.3,818.0,19,2
2026-03-23 20:00:00,6.8,91,2.2,90,0.0,911.2,20300.0,5.4,7.5,100,79.6,65.4,472,1.6,70.3,35.8,671.0,20,0
2026-03-23 21:00:00,6.4,94,2.9,90,0.0,910.5,16120.0,5.5,7.7,85,66.7,52.5,469,1.8,59.2,27.3,531.0,21,0
2026-03-23 22:00:00,5.7,95,3.3,96,0.0,910.6,14000.0,4.9,7.3,100,59.4,47.9,472,1.9,51.3,22.2,483.0,22,0
2026-03-23 23:00:00,5.2,94,3.4,108,0.0,910.2,13820.0,4.3,7.0,95,62.5,52.2,478,2.0,49.6,21.2,433.0,23,0
